JOB-ID,HOST-ID,DC-ID,JOB-COMPLETION-TIME,CI-SELECTED-FOR-JOB,,CONTAINER-ID,CONTAINER-HOST-ID,CONTAINER-BUSY-POWER,IDLE-OF-HOST,CONTAINER-START-TIME,CONTAINER-END-TIME,CONTAINER-ACTIVE-TIME,,CONTAINER-FAILED-ID
0,18,8,210.67798996129702,279.48,,0,18,27.270000000000003,60.0,1.022979113,210.67798996129702,209.6550108,,1
1,21,9,121.54201091992567,279.48,,1,21,27.135,60.0,1.023016071,121.54201091992567,120.5189948,,2
2,22,9,7281.266802901926,279.48,,2,22,21.708,60.0,1.023188108,11473.708306222712,11472.68512,,3
3,19,8,209.5444140009901,279.48,,3,19,21.6,60.0,1.023286991,209.5444140009901,208.521127,,4
4,20,8,131.86565207389162,279.48,,4,20,22.8375,75.0,1.023377897,131.86565207389162,130.8422742,,5
5,23,9,104.7658915169406,279.48,,5,23,22.724999999999998,75.0,1.023631021,104.7658915169406,103.7422605,,6
6,21,9,153.9549848586207,279.48,,6,21,27.405,60.0,1.023633066,153.9549848586207,152.9313518,,7
7,18,8,11010.35909154931,279.48,,7,18,27.54,60.0,1.023769955,11609.922817039505,11608.89905,,8
8,22,9,929.5731472035811,279.48,,8,22,21.816,60.0,1.06350396,929.5731472035811,928.5096432,,9
9,19,8,137.70788807236096,279.48,,9,19,21.708,60.0,1.074941019,137.70788807236096,136.6329471,,10
10,23,9,102.50227810447761,279.48,,10,23,22.6125,75.0,1.171832111,102.50227810447761,101.330446,,11
11,20,8,60.0726911,279.48,,11,20,22.5,75.0,1.175120001,60.0726911,58.8975711,,12
12,18,8,95.79682903103449,279.48,,12,18,27.405,60.0,1.190778889,95.79682903103449,94.60605014,,13
13,21,9,38292.717996127714,279.48,,13,21,27.270000000000003,60.0,16.338099,38292.717996127714,38276.3799,,14
14,22,9,15427.214856585519,279.48,,14,22,21.816,60.0,16.34305191,40671.95561989009,40655.61257,,15
15,19,8,23127.10737585925,279.48,,15,19,21.816,60.0,16.343055,33929.02219052574,33912.67914,,16
16,23,9,61964.61061178218,279.48,,16,23,22.724999999999998,75.0,16.343737,64676.00775116832,64659.66401,,17
17,20,8,384.105462109901,279.48,,17,20,22.724999999999998,75.0,16.34399311,31850.027113920787,31833.68312,,18
18,21,9,383.43314217821785,279.48,,18,21,27.270000000000003,60.0,16.3457189,62830.80512313862,62814.4594,,19
19,22,9,40671.95561989009,279.48,,19,18,27.270000000000003,60.0,16.3462789,66772.12056555445,66755.77429,,20
20,23,9,64676.00775116832,279.48,,20,22,21.816,60.0,16.346628000000003,62906.51799442575,62890.17137,,21
21,21,9,62830.80512313862,279.48,,21,19,21.816,60.0,16.3526061,50121.97205070297,50105.61944,,22
22,18,8,66391.98690218812,279.48,,22,23,22.724999999999998,75.0,16.3531941,62591.230865712874,62574.87767,,23
23,22,9,62906.51799442575,279.48,,23,20,22.724999999999998,75.0,61.00167295,73.51751453415841,12.51584158,,24
24,19,8,33929.02219052574,279.48,,24,18,57.71428571428571,2000.0,120.998657,134.5389194006243,13.5402624,,25
25,20,8,31850.027113920787,279.48,,25,21,57.14285714285714,2000.0,121.9205021,135.3205021,13.4,,26
26,18,8,66772.12056555445,279.48,,26,19,47.529411764705884,2000.0,121.9371211,123.35395278316831,1.416831683,,27
27,19,8,50121.97205070297,279.48,,27,20,60.599999999999994,3000.0,181.0054041,201.6027705138614,20.59736641,,28
28,23,9,62591.230865712874,279.48,,28,22,47.529411764705884,2000.0,181.01136,181.39353821782177,0.382178218,,29
29,20,8,73.51751453415841,279.4825,,29,18,57.14285714285714,2000.0,181.0116319,196.2166319,15.205,,30
30,18,8,134.5389194006243,279.4825,,30,19,47.529411764705884,2000.0,241.0014019,254.2600143871287,13.25861249,,31
31,21,9,135.3205021,279.485,,31,20,60.599999999999994,3000.0,241.0162849,241.1212353950495,0.104950495,,32
32,19,8,123.35395278316831,279.485,,32,18,57.14285714285714,2000.0,241.0171431,249.9312353950495,8.914092295,,33
33,20,8,201.6027705138614,279.4875,,33,19,47.294117647058826,2000.0,301.0080409,360.0832961995392,59.0752553,,34
34,22,9,181.39353821782177,279.4875,,34,20,60.9,3000.0,301.0081499,331.70518674680284,30.69703685,,35
35,18,8,196.2166319,279.4875,,35,18,57.71428571428571,2000.0,301.0082071,315.20764980099005,14.1994427,,36
36,19,8,254.2600143871287,279.49,,36,23,60.3,3000.0,301.0082711,14015.788946661984,13714.78068,,37
37,20,8,241.1212353950495,279.49,,37,19,47.529411764705884,2000.0,301.0086399,302.5195309891089,1.510891089,,38
38,18,8,249.9312353950495,279.49,,38,21,58.0,2000.0,301.008965,352.3896368635468,51.38067186,,39
39,19,8,360.0832961995392,279.4925,,39,20,61.2,3000.0,301.0090161,11938.12818724729,11637.11917,,40
40,20,8,331.70518674680284,279.4925,,40,22,47.05882352941176,2000.0,301.0090211,324.7640211,23.755,,41
41,18,8,315.20764980099005,279.4925,,41,18,57.71428571428571,2000.0,361.0153631,376.16486805049504,15.14950495,,42
42,23,9,7272.828991956652,279.4925,,42,19,47.529411764705884,2000.0,420.9941809,440.8371462673268,19.84296537,,43
43,19,8,302.5195309891089,279.4925,,43,20,60.599999999999994,3000.0,421.764473,422.99318587128715,1.228712871,,44
44,21,9,352.3896368635468,279.4925,,44,18,57.14285714285714,2000.0,421.7771479,433.73318587128716,11.95603797,,45
45,20,8,7407.189864156862,279.4925,,45,19,47.529411764705884,2000.0,481.006584,494.54865380099005,13.5420698,,46
46,22,9,324.7640211,279.4925,,46,20,60.599999999999994,3000.0,481.0146439,481.1195943950495,0.104950495,,47
47,18,8,376.16486805049504,279.495,,47,18,57.14285714285714,2000.0,481.01534,491.45459439504947,10.4392544,,48
48,19,8,440.8371462673268,279.495,,48,19,47.529411764705884,2000.0,541.0114471,554.175580851485,13.16413375,,49
49,20,8,422.99318587128715,279.4975,,49,20,60.599999999999994,3000.0,541.027066,541.1320164950495,0.104950495,,50
50,18,8,433.73318587128716,279.4975,,50,18,57.14285714285714,2000.0,541.0276089,550.0320164950494,9.004407595,,51
51,19,8,494.54865380099005,279.5,,51,19,161.6,2000.0,601.0042119,601.1091623950495,0.104950495,,52
52,20,8,481.1195943950495,279.5,,52,20,201.0,3000.0,601.004688,12201.968093467076,11600.96341,,53
53,18,8,491.45459439504947,279.5,,53,18,203.0,2000.0,601.0047369,646.5825417044335,45.5778048,,54
54,19,8,554.175580851485,279.5025,,54,23,201.0,3000.0,601.0047981,611.5028080502487,10.49800995,,55
55,20,8,541.1320164950495,279.5025,,55,19,160.0,2000.0,601.004908,638.050522,37.045614,,56
56,18,8,550.0320164950494,279.5025,,56,21,202.0,2000.0,601.0404099,618.2156793373774,17.17526944,,57
57,19,8,601.1091623950495,279.505,,57,20,201.0,3000.0,601.0429789,674.1636296284759,73.12065073,,58
58,20,8,11852.887991168858,279.505,,58,22,160.8,2000.0,601.0471471,663.7662165105118,62.71906941,,59
59,18,8,646.5825417044335,279.505,,59,19,162.39999999999998,2000.0,601.4926971,612.9178202527094,11.42512315,,60
60,23,9,611.5028080502487,279.505,,60,23,201.99999999999997,3000.0,629.436131,31759.081661870296,31129.64553,,61
61,19,8,638.050522,279.505,,61,20,201.99999999999997,3000.0,629.440522,44128.17997149505,43498.73945,,62
62,21,9,618.2156793373774,279.505,,62,21,202.0,2000.0,629.4408179,47731.410376762375,47101.96956,,63
63,20,8,674.1636296284759,279.505,,63,18,202.0,2000.0,629.441477,46188.27403090099,45558.83255,,64
64,22,9,663.7662165105118,279.505,,64,22,161.6,2000.0,629.4422481,47086.35592131683,46456.91367,,65
65,18,8,11609.922817039505,279.505,,65,19,161.6,2000.0,629.4446231,61570.620565554455,60941.17594,,66
66,19,8,612.9178202527094,279.505,,66,23,201.99999999999997,3000.0,629.4699339,46314.93086741484,45685.46093,,67
67,23,9,59247.42474110891,279.505,,67,20,201.99999999999997,3000.0,660.9996329,673.9857715138614,12.98613861,,68
68,21,9,58916.47968369307,279.505,,68,18,202.0,2000.0,721.0073041,737.2753833673268,16.26807927,,69
69,22,9,58984.94949358416,279.505,,69,19,160.0,2000.0,723.6427101,736.9426624950494,13.2999524,,70
70,23,9,31759.081661870296,279.505,,70,20,201.99999999999997,3000.0,723.657712,723.7626624950494,0.104950495,,71
71,20,8,30545.21293993168,279.505,,71,18,202.0,2000.0,780.9942139,792.6533931871286,11.65917929,,72
72,21,9,47731.410376762375,279.505,,72,19,161.6,2000.0,781.004817,781.1097674950495,0.104950495,,73
73,18,8,34775.06701137524,279.505,,73,20,200.0,3000.0,781.0055219,789.8247674950495,8.819245595,,74
74,22,9,37140.66354068217,279.505,,74,18,202.0,2000.0,841.0069909,841.1119413950495,0.104950495,,75
75,19,8,34744.53704201089,279.505,,75,19,160.0,2000.0,841.00764,854.3069413950495,13.2993014,,76
76,20,8,44128.17997149505,279.505,,76,20,201.99999999999997,3000.0,841.011967,860.4752582267326,19.46329123,,77
77,18,8,46188.27403090099,279.505,,77,18,202.0,2000.0,901.0020511,913.5178926841585,12.51584158,,78
78,19,8,56207.47700119802,279.505,,78,19,160.8,2000.0,901.009083,15351.29695444103,14450.28787,,79
79,23,9,30545.84403810792,279.505,,79,20,200.0,3000.0,901.009105,1100.687493940594,199.6783889,,80
80,21,9,37133.77245157326,279.505,,80,21,203.0,2000.0,901.0092431,1128.4444794694582,227.4352364,,81
81,22,9,47086.35592131683,279.505,,81,18,204.0,2000.0,901.009364,15223.923820112672,14322.91446,,82
82,23,9,25486.905981826414,279.505,,82,22,162.39999999999998,2000.0,901.0095041,1119.9274295665025,218.9179255,,83
83,20,8,673.9857715138614,279.505,,83,19,161.6,2000.0,901.009869,1167.3733624257427,266.3634934,,84
84,18,8,737.2753833673268,279.51,,84,23,201.0,3000.0,902.011061,1062.4194519428581,160.4083909,,85
85,19,8,736.9426624950494,279.51,,85,20,201.99999999999997,3000.0,961.0008369,973.0463814544554,12.04554455,,86
86,20,8,723.7626624950494,279.51,,86,18,202.0,2000.0,1021.003088,1039.0577613366338,18.05467334,,87
87,18,8,792.6533931871286,279.51,,87,21,200.0,2000.0,1036.297134,1101.843996323383,65.54686232,,88
88,19,8,781.1097674950495,279.5125,,88,20,201.99999999999997,3000.0,1080.994057,1093.408115207921,12.41405821,,89
89,20,8,789.8247674950495,279.5125,,89,22,160.0,2000.0,1081.015788,1091.4707879999999,10.455,,90
90,18,8,841.1119413950495,279.515,,90,18,202.0,2000.0,1081.016036,1082.526927089109,1.510891089,,91
91,19,8,854.3069413950495,279.515,,91,23,201.99999999999997,3000.0,1141.000995,1159.1515649702972,18.15056997,,92
92,20,8,860.4752582267326,279.515,,92,21,202.0,2000.0,1141.021862,1141.1268124950495,0.104950495,,93
93,18,8,913.5178926841585,279.5175,,93,19,160.0,2000.0,1141.022599,1149.9575989999998,8.935,,94
94,19,8,12826.093082249048,279.5175,,94,22,161.6,2000.0,1201.007806,1214.0817386732674,13.07393267,,95
95,20,8,1100.687493940594,279.5175,,95,18,203.0,2000.0,1201.014818,1264.0113697241381,62.99655172,,96
96,21,9,1128.4444794694582,279.5175,,96,23,200.0,3000.0,1201.015006,1211.646124089109,10.63111809,,97
97,18,8,12671.466216577406,279.5175,,97,19,163.20000000000002,2000.0,1201.015172,12191.390979039215,10990.37581,,98
98,22,9,1119.9274295665025,279.5175,,98,21,202.0,2000.0,1201.015233,1202.526124089109,1.510891089,,99
99,19,8,1164.848609950495,279.5175,,99,20,201.0,3000.0,1201.015458,1278.0506082587065,77.03515026,,100
100,23,9,1062.4194519428581,279.5175,,100,22,162.39999999999998,2000.0,1201.015499,1240.4068618259769,39.39136283,,101
101,20,8,973.0463814544554,279.52,,101,18,201.0,2000.0,1201.02026,1273.6083846495112,72.58812465,,102
102,18,8,1039.0577613366338,279.5225,,102,23,201.0,3000.0,1201.035797,1259.4217871991111,58.3859902,,103
103,21,9,1101.843996323383,279.5225,,103,21,202.0,2000.0,1261.003763,1278.7869313168317,17.78316832,,104
104,19,8,1167.3733624257427,279.5225,,104,22,161.6,2000.0,1315.908328,1317.419219089109,1.510891089,,105
105,20,8,1093.408115207921,279.5225,,105,23,200.0,3000.0,1315.92333,1331.103342,15.180012,,106
106,22,9,1091.4707879999999,279.525,,106,21,202.0,2000.0,1321.008342,1333.198013,12.189671,,107
107,18,8,1082.526927089109,279.525,,107,19,161.6,2000.0,1321.017804,1321.1227544950495,0.104950495,,108
108,23,9,1159.1515649702972,279.5275,,108,22,160.0,2000.0,1321.018013,1332.9783300000001,11.960317,,109
109,21,9,1141.1268124950495,279.5275,,109,23,201.99999999999997,3000.0,1381.007237,1392.4819846336634,11.47474763,,110
110,19,8,1149.9575989999998,279.5275,,110,21,202.0,2000.0,1381.015648,1381.1205984950495,0.104950495,,111
111,22,9,1214.0817386732674,279.53,,111,20,200.0,3000.0,1381.016019,1391.4710189999998,10.455,,112
112,20,8,12201.968093467076,279.53,,112,22,161.6,2000.0,1441.021024,1441.1259744950494,0.104950495,,113
113,18,8,1264.0113697241381,279.53,,113,23,200.0,3000.0,1441.021634,1454.3209744950493,13.2993405,,114
114,23,9,1211.646124089109,279.53,,114,18,202.0,2000.0,1441.022217,1458.711325910891,17.68910891,,115
115,19,8,11183.104189588525,279.53,,115,21,203.0,2000.0,1501.019982,1764.865272698288,263.8452907,,116
116,21,9,1202.526124089109,279.53,,116,22,161.6,2000.0,1501.020211,1747.3677357524753,246.3475248,,117
117,20,8,1278.0506082587065,279.53,,117,19,160.0,2000.0,1501.02022,1758.370321137931,257.3501011,,118
118,22,9,1240.4068618259769,279.53,,118,23,201.0,3000.0,1501.020418,1775.0518497548221,274.0314318,,119
119,18,8,1273.6083846495112,279.53,,119,20,203.0,3000.0,1501.020599,1754.570321137931,253.5497221,,120
120,23,9,1259.4217871991111,279.53,,120,21,202.0,2000.0,1501.084065,1512.4711937128714,11.38712871,,121
121,21,9,1278.7869313168317,279.5325,,121,22,161.6,2000.0,1561.015757,1573.343479772277,12.32772277,,122
122,22,9,1317.419219089109,279.5325,,122,23,201.99999999999997,3000.0,1620.997262,1633.2235714950496,12.2263095,,123
123,23,9,1331.103342,279.5325,,123,20,201.99999999999997,3000.0,1626.218238,1627.8231884950494,1.604950495,,124
124,21,9,1333.198013,279.535,,124,21,200.0,2000.0,1626.218621,1638.0899847722774,11.87136377,,125
125,19,8,1321.1227544950495,279.535,,125,23,200.0,3000.0,1681.015579,1690.330579,9.315,,126
126,22,9,1332.9783300000001,279.535,,126,18,202.0,2000.0,1681.022873,1711.7862393366336,30.76336634,,127
127,23,9,1392.4819846336634,279.5375,,127,21,202.0,2000.0,1741.016723,1741.1216734950494,0.104950495,,128
128,21,9,1381.1205984950495,279.5375,,128,20,201.99999999999997,3000.0,1741.018597,1753.8083185445544,12.78972154,,129
129,20,8,1391.4710189999998,279.5375,,129,22,161.6,2000.0,1801.013111,1813.6147471074962,12.60163611,,130
130,22,9,1441.1259744950494,279.54,,130,23,203.0,3000.0,1801.018414,1812.708806513437,11.69039251,,131
131,23,9,1454.3209744950493,279.54,,131,18,200.0,2000.0,1801.018536,1820.3008470000002,19.282311,,132
132,18,8,1458.711325910891,279.54,,132,21,204.0,2000.0,1801.01873,22337.678259054137,20536.65953,,133
133,21,9,1764.865272698288,279.5425,,133,19,160.8,2000.0,1801.018952,13563.521859328359,11762.50291,,134
134,22,9,1747.3677357524753,279.5425,,134,22,161.6,2000.0,1801.018971,1848.041966148515,47.02299515,,135
135,19,8,1756.020321137931,279.5425,,135,20,203.0,3000.0,1801.018988,1831.7138808275863,30.69489283,,136
136,23,9,1775.0518497548221,279.5425,,136,23,201.99999999999997,3000.0,1801.01903,1802.4230922277227,1.404062228,,137
137,20,8,1754.570321137931,279.5425,,137,18,201.0,2000.0,1801.01932,1876.2609293582088,75.24160936,,138
138,21,9,1512.4711937128714,279.5425,,138,21,201.0,2000.0,1801.025314,1860.7506640200484,59.72535002,,139
139,18,8,15223.923820112672,279.5425,,139,19,160.8,2000.0,1801.026601,1871.345721623606,70.31912062,,140
140,19,8,15351.29695444103,279.5425,,140,22,162.39999999999998,2000.0,1801.150815,1815.279771738038,14.12895674,,141
141,22,9,1573.343479772277,279.545,,141,23,203.0,3000.0,1808.788266,2729.394230453202,920.6059645,,142
142,23,9,1633.2235714950496,279.545,,142,20,204.00000000000003,3000.0,1813.670847,2562.8286861421084,749.1578391,,143
143,20,8,1627.8231884950494,279.5475,,143,21,204.0,2000.0,1813.671729,2105.4316169019608,291.7598879,,144
144,21,9,1638.0899847722774,279.5475,,144,18,204.0,2000.0,1813.67199,2268.0477757499516,454.3757857,,145
145,22,9,1680.125285990099,279.55,,145,22,163.20000000000002,2000.0,1813.673233,2291.145776235294,477.4725432,,146
146,23,9,1690.330579,279.55,,146,19,163.20000000000002,2000.0,1813.677591,2369.2046384950495,555.5270475,,147
147,18,8,1711.7862393366336,279.55,,147,23,204.00000000000003,3000.0,1813.694362,2215.148083294118,401.4537213,,148
148,21,9,1741.1216734950494,279.5525,,148,21,204.0,2000.0,1813.710509,2105.593381607843,291.8828726,,149
149,19,8,1758.370321137931,279.5525,,149,20,204.00000000000003,3000.0,1813.711552,1992.211140310214,178.4995883,,150
150,20,8,1753.8083185445544,279.5525,,150,22,163.20000000000002,2000.0,1813.712565,2032.1080874901959,218.3955225,,151
151,22,9,1813.6147471074962,279.555,,151,18,204.0,2000.0,1813.712633,1998.7307481533512,185.0181152,,152
152,23,9,1812.708806513437,279.555,,152,23,204.00000000000003,3000.0,1815.690481,2192.545142117647,376.8546611,,153
153,18,8,1820.3008470000002,279.555,,153,19,163.20000000000002,2000.0,1815.691143,2004.7552579572728,189.064115,,154
154,21,9,11198.048809588237,279.555,,154,21,202.0,2000.0,1861.002102,1881.3248742772275,20.32277228,,155
155,19,8,10441.457130764997,279.555,,155,22,161.6,2000.0,1917.203411,1917.3083614950494,0.104950495,,156
156,22,9,1848.041966148515,279.555,,156,20,200.0,3000.0,1917.203779,1927.5567190000002,10.35294,,157
157,20,8,1831.7138808275863,279.555,,157,23,201.99999999999997,3000.0,1921.01016,1933.3290567821782,12.31889678,,158
158,23,9,1802.4230922277227,279.555,,158,21,202.0,2000.0,1921.011235,1921.1161854950494,0.104950495,,159
159,18,8,1876.2609293582088,279.555,,159,18,200.0,2000.0,1921.011719,1931.4587789999998,10.44706,,160
160,21,9,1860.7506640200484,279.555,,160,22,161.6,2000.0,1981.002354,1995.0366149207919,14.03426092,,161
161,19,8,1871.345721623606,279.555,,161,19,161.6,2000.0,1981.021697,1981.1266474950494,0.104950495,,162
162,22,9,1815.279771738038,279.555,,162,23,200.0,3000.0,1981.022407,1989.9574069999999,8.935,,163
163,23,9,2729.394230453202,279.555,,163,20,201.99999999999997,3000.0,2041.007897,2041.1128474950494,0.104950495,,164
164,20,8,2562.8286861421084,279.555,,164,18,200.0,2000.0,2041.00864,2049.842847495049,8.834207495,,165
165,21,9,2105.4316169019608,279.555,,165,19,161.6,2000.0,2041.00993,2053.1367093069307,12.12677931,,166
166,18,8,2268.0477757499516,279.555,,166,20,201.99999999999997,3000.0,2101.004829,2113.983416138614,12.97858714,,167
167,22,9,2291.145776235294,279.555,,167,18,201.0,2000.0,2101.021508,2117.448211099404,16.4267031,,168
168,19,8,2369.2046384950495,279.555,,168,19,160.0,2000.0,2101.021802,2125.038211099404,24.0164091,,169
169,23,9,1949.5857639411765,279.555,,169,21,201.0,2000.0,2101.021962,26612.15473804532,24511.13278,,170
170,20,8,2553.85319594603,279.555,,170,20,201.99999999999997,3000.0,2101.02203,2102.532921089109,1.510891089,,171
171,18,8,1971.0003559964885,279.555,,171,22,162.39999999999998,2000.0,2101.022069,2133.4061894896167,32.38412049,,172
172,21,9,1980.9316169019608,279.555,,172,18,203.0,2000.0,2101.022293,2140.407669227483,39.38537623,,173
173,22,9,2014.2747541568626,279.555,,173,23,204.00000000000003,3000.0,2101.022339,16511.30604234826,14410.2837,,174
174,23,9,2215.148083294118,279.555,,174,19,161.6,2000.0,2161.006544,2173.324448930693,12.31790493,,175
175,21,9,2017.6178914117645,279.555,,175,20,201.99999999999997,3000.0,2161.045142,2165.754052891089,4.708910891,,176
176,19,8,2165.864052891089,279.555,,176,21,200.0,2000.0,2161.045345,2176.250345,15.205,,177
177,20,8,1992.211140310214,279.555,,177,22,161.6,2000.0,2221.018907,2233.33783266919,12.31892567,,178
178,22,9,2032.1080874901959,279.555,,178,18,202.0,2000.0,2224.349688,2224.4546384950495,0.104950495,,179
179,18,8,1998.7307481533512,279.555,,179,23,200.0,3000.0,2224.350188,2239.070689178218,14.72050118,,180
180,23,9,2192.545142117647,279.555,,180,19,161.6,2000.0,2281.002213,2281.10716349505,0.104950495,,181
181,19,8,2004.7552579572728,279.555,,181,21,202.0,2000.0,2281.00688,2295.48736039371,14.48048039,,182
182,21,9,2105.593381607843,279.555,,182,20,200.0,3000.0,2281.018175,2291.35716349505,10.3389885,,183
183,22,9,1891.9915409438943,279.555,,183,22,161.6,2000.0,2341.001164,2353.0358381188116,12.03467412,,184
184,23,9,2192.197102901961,279.555,,184,18,202.0,2000.0,2341.008839,2341.11378949505,0.104950495,,185
185,21,9,1881.3248742772275,279.5575,,185,23,200.0,3000.0,2341.00965,2351.65465,10.645,,186
186,22,9,1917.3083614950494,279.5575,,186,19,161.6,2000.0,2401.005004,2420.6617286039605,19.6567246,,187
187,20,8,1927.5567190000002,279.5575,,187,21,202.0,2000.0,2401.014734,2431.8652772491832,30.85054325,,188
188,23,9,1933.3290567821782,279.56,,188,20,200.0,3000.0,2401.015102,2418.765689,17.750587,,189
189,21,9,1921.1161854950494,279.56,,189,22,162.39999999999998,2000.0,2401.03037,2455.108889993554,54.07851999,,190
190,18,8,1931.4587789999998,279.56,,190,18,201.0,2000.0,2401.040251,2471.1414530369575,70.10120204,,191
191,22,9,1995.0366149207919,279.5625,,191,23,201.0,3000.0,2401.041069,2452.244826113689,51.20375711,,192
192,19,8,1981.1266474950494,279.5625,,192,20,201.0,3000.0,2401.046355,13051.963729015217,10650.91737,,193
193,23,9,1989.9574069999999,279.5625,,193,21,203.0,2000.0,2401.04648,2425.949435665025,24.90295567,,194
194,20,8,2041.1128474950494,279.565,,194,18,201.0,2000.0,2401.04662,2457.05687592253,56.01025592,,195
195,18,8,2049.842847495049,279.565,,195,19,162.39999999999998,2000.0,2401.765689,2456.0491341272987,54.28344513,,196
196,19,8,2053.1367093069307,279.565,,196,22,161.6,2000.0,2461.009994,2477.570390039604,16.56039604,,197
197,20,8,2113.983416138614,279.5675,,197,23,200.0,3000.0,2518.040056,2529.5349800000004,11.494924,,198
198,18,8,2117.448211099404,279.5675,,198,20,201.99999999999997,3000.0,2518.179618,2518.28456849505,0.104950495,,199
199,19,8,2125.038211099404,279.5675,,199,18,202.0,2000.0,2521.004757,2521.10970749505,0.104950495,,200
200,21,9,19298.539873194033,279.5675,,200,21,200.0,2000.0,2521.00498,2535.8200559999996,14.815076,,201
201,20,8,2102.532921089109,279.5675,,201,19,161.6,2000.0,2521.013928,2534.451291653466,13.43736365,,202
202,22,9,2133.4061894896167,279.5675,,202,20,201.99999999999997,3000.0,2581.009745,2595.022461376238,14.01271638,,203
203,18,8,2140.407669227483,279.5675,,203,22,161.6,2000.0,2581.01771,2581.12266049505,0.104950495,,204
204,23,9,16511.30604234826,279.5675,,204,18,200.0,2000.0,2581.018699,2592.8986990000003,11.88,,205
205,19,8,2173.324448930693,279.57,,205,19,161.6,2000.0,2641.018341,2653.8072526732676,12.78891167,,206
206,20,8,2165.754052891089,279.57,,206,23,201.99999999999997,3000.0,2641.02516,2641.13011049505,0.104950495,,207
207,21,9,2176.250345,279.57,,207,20,200.0,3000.0,2641.02552,2651.48052,10.455,,208
208,22,9,2233.33783266919,279.5725,,208,18,202.0,2000.0,2701.014188,2718.2329998811883,17.21881188,,209
209,18,8,2224.4546384950495,279.5725,,209,21,202.0,2000.0,2701.048165,2701.15311549505,0.104950495,,210
210,23,9,2239.070689178218,279.5725,,210,19,160.8,2000.0,2701.048493,2730.7876764981033,29.7391835,,211
211,19,8,2281.10716349505,279.575,,211,22,162.39999999999998,2000.0,2701.048553,2758.044476758621,56.99592376,,212
212,21,9,2295.48736039371,279.575,,212,18,204.0,2000.0,2701.048725,7804.283001411764,5103.234276,,213
213,20,8,2291.35716349505,279.575,,213,23,203.0,3000.0,2701.048782,2714.1481893866753,13.09940739,,214
214,22,9,2353.0358381188116,279.5775,,214,19,160.0,2000.0,2701.048906,2721.722999881188,20.67409388,,215
215,18,8,2341.11378949505,279.5775,,215,21,202.0,2000.0,2760.995922,2773.9820606138614,12.98613861,,216
216,23,9,2351.65465,279.5775,,216,22,161.6,2000.0,2818.582043,2820.28105290099,1.699009901,,217
217,19,8,2420.6617286039605,279.58,,217,23,200.0,3000.0,2818.613142,2833.40060349505,14.7874615,,218
218,21,9,2431.8652772491832,279.58,,218,20,201.99999999999997,3000.0,2821.00468,2844.1392122574257,23.13453226,,219
219,20,8,2418.765689,279.58,,219,21,202.0,2000.0,2821.015653,2821.1206034950496,0.104950495,,220
220,22,9,2455.108889993554,279.58,,220,18,200.0,2000.0,2821.016638,2832.896638,11.88,,221
221,18,8,2471.1414530369575,279.58,,221,22,161.6,2000.0,2881.014183,2881.1191334950495,0.104950495,,222
222,23,9,2452.244826113689,279.58,,222,23,200.0,3000.0,2881.014356,2891.6541334950493,10.6397775,,223
223,19,8,12191.390979039215,279.58,,223,19,161.6,2000.0,2881.024608,2893.82262780198,12.7980198,,224
224,20,8,13045.00850513462,279.58,,224,21,202.0,2000.0,2941.007803,2960.569265039604,19.56146204,,225
225,21,9,2425.949435665025,279.58,,225,22,161.6,2000.0,2941.008869,2941.1138194950495,0.104950495,,226
226,18,8,2457.05687592253,279.58,,226,20,200.0,3000.0,2941.009591,2955.929591,14.92,,227
227,19,8,2456.0491341272987,279.58,,227,23,200.0,3000.0,3001.009709,3012.984709,11.975,,228
228,22,9,2477.570390039604,279.5825,,228,22,162.39999999999998,2000.0,3001.009745,3094.601261378771,93.59151638,,229
229,23,9,2529.5349800000004,279.5825,,229,18,203.0,2000.0,3001.009962,3027.3093974290105,26.29943543,,230
230,20,8,2518.28456849505,279.5825,,230,23,201.0,3000.0,3001.009969,3039.383314740801,38.37334574,,231
231,18,8,2521.10970749505,279.585,,231,19,161.6,2000.0,3001.010329,3002.521220089109,1.510891089,,232
232,21,9,2535.8200559999996,279.585,,232,22,161.6,2000.0,3001.016653,3018.4104515742574,17.39379857,,233
233,19,8,2534.451291653466,279.585,,233,20,201.0,3000.0,3001.043279,3056.02084021508,54.97756122,,234
234,20,8,2595.022461376238,279.5875,,234,23,201.0,3000.0,3001.043746,3069.4430162333383,68.39927023,,235
235,22,9,2581.12266049505,279.5875,,235,18,202.0,2000.0,3061.009279,3079.9143763069305,18.90509731,,236
236,18,8,2592.8986990000003,279.5875,,236,21,202.0,2000.0,3061.014088,3174.9177185940594,113.9036306,,237
237,19,8,2653.8072526732676,279.59,,237,19,160.0,2000.0,3061.721307,3124.513806,62.792499,,238
238,23,9,2641.13011049505,279.59,,238,22,161.6,2000.0,3121.011778,3132.963263148515,11.95148515,,239
239,20,8,2651.48052,279.59,,239,23,200.0,3000.0,3121.108876,3184.467064,63.358188,,240
240,18,8,2718.2329998811883,279.5925,,240,20,201.99999999999997,3000.0,3121.123806,3183.8588812574253,62.73507526,,241
241,21,9,2701.15311549505,279.5925,,241,21,202.0,2000.0,3181.002064,3196.9906581782175,15.98859418,,242
242,19,8,2730.7876764981033,279.5925,,242,22,161.6,2000.0,3211.267549,3212.3945106039605,1.126961604,,243
243,22,9,2758.044476758621,279.5925,,243,23,200.0,3000.0,3211.498471,3226.3145106039606,14.8160396,,244
244,20,8,13051.963729015217,279.5925,,244,21,202.0,2000.0,3241.007072,3253.327994287129,12.32092229,,245
245,18,8,7804.283001411764,279.5925,,245,22,161.6,2000.0,3241.015123,3241.12007349505,0.104950495,,246
246,23,9,2714.1481893866753,279.5925,,246,18,200.0,2000.0,3241.015517,3251.4705169999997,10.455,,247
247,19,8,2721.722999881188,279.5925,,247,23,201.99999999999997,3000.0,3301.004726,3312.664851821782,11.66012582,,248
248,21,9,2773.9820606138614,279.5925,,248,21,200.0,2000.0,3301.012133,3608.705654,307.693521,,249
249,22,9,2820.28105290099,279.595,,249,19,161.6,2000.0,3301.012149,3595.3190136633666,294.3068647,,250
250,23,9,2833.40060349505,279.595,,250,22,163.20000000000002,2000.0,3301.012364,15325.946735825144,12024.93437,,251
251,20,8,2844.1392122574257,279.5975,,251,20,201.0,3000.0,3301.012737,8887.387479023704,5586.374742,,252
252,21,9,2821.1206034950496,279.5975,,252,23,203.0,3000.0,3301.012885,3688.3903830640393,387.3774981,,253
253,18,8,2832.896638,279.5975,,253,18,201.0,2000.0,3301.98238,3549.8284186065707,247.8460386,,254
254,22,9,2881.1191334950495,279.6,,254,21,203.0,2000.0,3302.986634,3469.021694325123,166.0350603,,255
255,23,9,2891.6541334950493,279.6,,255,22,161.6,2000.0,3361.006916,3373.993054613861,12.98613861,,256
256,19,8,2893.82262780198,279.6,,256,23,201.99999999999997,3000.0,3421.001405,3432.3885337128713,11.38712871,,257
257,21,9,2960.569265039604,279.6025,,257,20,200.0,3000.0,3423.056664,3439.2980006336634,16.24133663,,258
258,22,9,2941.1138194950495,279.6025,,258,21,202.0,2000.0,3481.018552,3481.1235024950497,0.104950495,,259
259,20,8,2955.929591,279.6025,,259,22,160.0,2000.0,3481.018952,3491.3735024950497,10.3545505,,260
260,23,9,3012.984709,279.605,,260,18,202.0,2000.0,3481.026532,3495.0473240792076,14.02079208,,261
261,21,9,22337.678259054137,279.605,,261,23,201.99999999999997,3000.0,3541.013044,3553.5219765940597,12.50893259,,262
262,22,9,3094.601261378771,279.605,,262,22,161.6,2000.0,3541.016036,3542.526927089109,1.510891089,,263
263,18,8,3027.3093974290105,279.605,,263,19,161.6,2000.0,3601.009179,4393.079143623763,792.0699646,,264
264,23,9,3039.383314740801,279.605,,264,21,201.0,2000.0,3601.015717,15752.407388213931,12151.39167,,265
265,19,8,3002.521220089109,279.605,,265,20,201.99999999999997,3000.0,3601.015828,3624.5210890934436,23.50526109,,266
266,21,9,26612.15473804532,279.605,,266,23,203.0,3000.0,3601.015991,3665.4051613891625,64.38917039,,267
267,22,9,3018.4104515742574,279.605,,267,18,201.0,2000.0,3601.016312,3614.238910875622,13.22259888,,268
268,20,8,3056.02084021508,279.605,,268,21,201.0,2000.0,3601.024364,3708.4898855516017,107.4655216,,269
269,23,9,3069.4430162333383,279.605,,269,19,160.8,2000.0,3601.025685,3718.21863103985,117.192946,,270
270,18,8,3079.9143763069305,279.6075,,270,22,162.39999999999998,2000.0,3601.241659,3680.794323950739,79.55266495,,271
271,21,9,3174.9177185940594,279.6075,,271,20,200.0,3000.0,3601.243886,3648.360298,47.116412,,272
272,19,8,3124.513806,279.6075,,272,18,202.0,2000.0,3642.570298,68276.55643661386,64633.98614,,273
273,22,9,3132.963263148515,279.61,,273,20,201.99999999999997,3000.0,3642.571572,69383.44752572276,65740.87595,,274
274,23,9,3184.467064,279.61,,274,21,202.0,2000.0,3642.572753,56955.84602032673,53313.27327,,275
275,20,8,3183.8588812574253,279.61,,275,19,161.6,2000.0,3642.573863,69867.1009910693,66224.52713,,276
276,21,9,3196.9906581782175,279.6125,,276,22,161.6,2000.0,3642.57419,70090.67914049505,66448.10495,,277
277,22,9,3212.3945106039605,279.6125,,277,18,202.0,2000.0,3642.575021,35389.308803732674,31746.73378,,278
278,23,9,3226.3145106039606,279.6125,,278,23,201.99999999999997,3000.0,3642.576068,40285.98532286039,36643.40925,,279
279,21,9,3253.327994287129,279.615,,279,20,201.99999999999997,3000.0,3642.57681,35300.704843336636,31658.12803,,280
280,22,9,3241.12007349505,279.615,,280,18,202.0,2000.0,3661.00674,3673.616640990099,12.60990099,,281
281,18,8,3251.4705169999997,279.615,,281,21,202.0,2000.0,3721.008934,3737.381211227723,16.37227723,,282
282,23,9,3312.664851821782,279.6175,,282,22,161.6,2000.0,3781.016542,3793.626442990099,12.60990099,,283
283,21,9,3608.705654,279.6175,,283,23,201.99999999999997,3000.0,3841.013251,3851.8360232772275,10.82277228,,284
284,19,8,3595.3190136633666,279.6175,,284,21,202.0,2000.0,3901.005159,3912.956644148515,11.95148515,,285
285,22,9,14013.415812333626,279.6175,,285,22,162.39999999999998,2000.0,3901.012136,3920.0009791238845,18.98884312,,286
286,20,8,8887.387479023704,279.6175,,286,23,201.0,3000.0,3901.012518,3942.3114709994816,41.298953,,287
287,23,9,3627.5825012906403,279.6175,,287,21,203.0,2000.0,3901.012545,3930.2965456263473,29.28400063,,288
288,18,8,3549.8284186065707,279.6175,,288,22,161.6,2000.0,3961.009753,3974.4661886435642,13.45643564,,289
289,21,9,3469.021694325123,279.6175,,289,23,201.99999999999997,3000.0,4021.012767,4033.904846207921,12.89207921,,290
290,22,9,3373.993054613861,279.62,,290,21,202.0,2000.0,4081.008956,4098.227767881188,17.21881188,,291
291,23,9,3432.3885337128713,279.6225,,291,22,161.6,2000.0,4141.001738,4152.765104336633,11.76336634,,292
292,19,8,3425.4230006336634,279.6225,,292,23,201.99999999999997,3000.0,4201.009012,4213.702564,12.693552,,293
293,20,8,3439.2980006336634,279.6225,,293,21,201.0,2000.0,4201.021387,4249.025937274618,48.00455027,,294
294,21,9,3481.1235024950497,279.625,,294,22,160.8,2000.0,4201.037542,4260.085638767155,59.04809677,,295
295,22,9,3491.3735024950497,279.625,,295,21,204.0,2000.0,4201.202564,19556.456539860697,15355.25398,,296
296,18,8,3495.0473240792076,279.625,,296,18,201.0,2000.0,4201.202906,4630.070952705585,428.8680467,,297
297,23,9,3553.5219765940597,279.6275,,297,22,162.39999999999998,2000.0,4201.20342,4526.350735369459,325.1473154,,298
298,21,9,3570.6019765940596,279.6275,,298,19,162.39999999999998,2000.0,4201.265882,4628.838608839536,427.5727268,,299
299,22,9,3542.526927089109,279.6275,,299,23,201.99999999999997,3000.0,4260.997336,4274.735949861387,13.73861386,,300
300,19,8,4393.079143623763,279.63,,300,21,202.0,2000.0,4321.0028,4332.483988118812,11.48118812,,301
301,23,9,3688.3903830640393,279.63,,301,22,161.6,2000.0,4381.007133,4394.087331019802,13.08019802,,302
302,21,9,15180.118304452595,279.63,,302,23,201.99999999999997,3000.0,4440.996559,4453.982697613861,12.98613861,,303
303,20,8,3624.5210890934436,279.63,,303,21,202.0,2000.0,4501.01576,4513.625660990099,12.60990099,,304
304,22,9,15325.946735825144,279.63,,304,21,203.0,2000.0,4501.019298,4541.912709448276,40.89341145,,305
305,23,9,3665.4051613891625,279.63,,305,20,201.0,3000.0,4501.019392,4569.084566129353,68.06517413,,306
306,18,8,3614.238910875622,279.63,,306,22,162.39999999999998,2000.0,4501.019606,4533.116227881774,32.09662188,,307
307,21,9,3708.4898855516017,279.63,,307,23,201.99999999999997,3000.0,4561.01731,4572.592557524753,11.57524752,,308
308,19,8,3718.21863103985,279.63,,308,21,202.0,2000.0,4621.008006,4639.825827782178,18.81782178,,309
309,22,9,3680.794323950739,279.63,,309,22,161.6,2000.0,4681.002485,4693.142088960396,12.13960396,,310
310,20,8,3648.360298,279.63,,310,23,201.99999999999997,3000.0,4741.01319,4767.637942475247,26.62475248,,311
311,18,8,67732.95224872277,279.63,,311,21,202.0,2000.0,4801.009839,4813.149442960396,12.13960396,,312
312,19,8,61570.620565554455,279.63,,312,22,160.8,2000.0,4801.02562,4848.932164619734,47.90654462,,313
313,20,8,69383.44752572276,279.63,,313,18,201.0,2000.0,4801.026681,4857.834787296326,56.8081063,,314
314,23,9,46314.93086741484,279.63,,314,23,201.0,3000.0,4801.045782,4825.960388234028,24.91460623,,315
315,21,9,46499.22789711781,279.63,,315,19,163.20000000000002,2000.0,4801.045881,18408.096689235295,13607.05081,,316
316,18,8,68276.55643661386,279.63,,316,21,203.0,2000.0,4801.046193,4833.017262038233,31.97106904,,317
317,19,8,69867.1009910693,279.63,,317,20,203.0,3000.0,4801.046284,4843.451702719211,42.40541872,,318
318,22,9,67279.39479127723,279.63,,318,22,160.8,2000.0,4801.046508,26989.507971876166,22188.46146,,319
319,20,8,67655.32848634652,279.63,,319,23,201.99999999999997,3000.0,4861.007693,4875.498782108911,14.49108911,,320
320,18,8,35389.308803732674,279.63,,320,21,202.0,2000.0,4921.007352,4946.879629227722,25.87227723,,321
321,23,9,40285.98532286039,279.63,,321,22,161.6,2000.0,4980.994952,4992.288021306931,11.29306931,,322
322,19,8,67945.6009910693,279.63,,322,23,201.99999999999997,3000.0,5041.013662,5053.435444178218,12.42178218,,323
323,20,8,35300.704843336636,279.63,,323,22,161.6,2000.0,5101.009501,5115.970887138614,14.96138614,,324
324,21,9,56955.84602032673,279.63,,324,23,201.0,3000.0,5101.009676,5142.316964632916,41.30728863,,325
325,22,9,70090.67914049505,279.63,,325,18,201.0,2000.0,5101.009742,32686.54452685611,27585.53478,,326
326,23,9,16167.595507025811,279.63,,326,21,203.0,2000.0,5101.010016,5121.690098961274,20.68008296,,327
327,18,8,3673.616640990099,279.6248,,327,19,162.39999999999998,2000.0,5101.010093,5163.913048665025,62.90295567,,328
328,21,9,3737.381211227723,279.6197,,328,22,161.6,2000.0,5161.00857,5173.712530396039,12.7039604,,329
329,22,9,3793.626442990099,279.6145,,329,23,201.99999999999997,3000.0,5221.023299,5232.779240712871,11.75594171,,330
330,23,9,3851.8360232772275,279.6093,,330,22,161.6,2000.0,5281.000612,5293.4223941782175,12.42178218,,331
331,21,9,3912.956644148515,279.6042,,331,23,201.99999999999997,3000.0,5340.99792,5359.063266534653,18.06534653,,332
332,22,9,3920.0009791238845,279.6042,,332,21,202.0,2000.0,5401.004075,5413.688939862069,12.68486486,,333
333,23,9,3942.3114709994816,279.6042,,333,22,162.39999999999998,2000.0,5401.140664,5413.587209261083,12.44654526,,334
334,21,9,3930.2965456263473,279.6042,,334,23,201.0,3000.0,5401.140701,5450.858094090924,49.71739309,,335
335,19,8,13563.521859328359,279.6042,,335,20,201.0,3000.0,5401.142385,5460.878836547264,59.73645155,,336
336,20,8,11938.12818724729,279.6042,,336,21,204.0,2000.0,5401.195472,15425.780069158478,10024.5846,,337
337,22,9,3974.4661886435642,279.599,,337,19,161.6,2000.0,5401.256946,7012.207521306931,1610.950575,,338
338,23,9,4033.904846207921,279.5938,,338,20,203.0,3000.0,5401.257051,7048.445396470664,1647.188345,,339
339,21,9,4098.227767881188,279.5887,,339,22,162.39999999999998,2000.0,5401.25716,7006.984115582012,1605.726956,,340
340,22,9,4152.765104336633,279.5835,,340,18,201.0,2000.0,5407.600576,6502.03342977612,1094.432854,,341
341,23,9,4213.702564,279.5783,,341,23,201.99999999999997,3000.0,5460.998762,5474.1730194257425,13.17425743,,342
342,21,9,4249.025937274618,279.5783,,342,21,202.0,2000.0,5521.009264,5533.901343207921,12.89207921,,343
343,22,9,4260.085638767155,279.5783,,343,22,161.6,2000.0,5581.016147,5592.591394524753,11.57524752,,344
344,23,9,14015.788946661984,279.5783,,344,23,201.99999999999997,3000.0,5641.00835,5653.147953960396,12.13960396,,345
345,21,9,19556.456539860697,279.5783,,345,21,201.0,2000.0,5701.014232,20196.68539558209,14495.67116,,346
346,18,8,4630.070952705585,279.5783,,346,22,163.20000000000002,2000.0,5701.014301,11470.862535078433,5769.848234,,347
347,22,9,4526.350735369459,279.5783,,347,23,201.0,3000.0,5701.014364,5750.356534582089,49.34217058,,348
348,19,8,4628.838608839536,279.5783,,348,19,161.6,2000.0,5701.014378,5713.059922554456,12.04554455,,349
349,23,9,4274.735949861387,279.5783,,349,21,203.0,2000.0,5701.01497,5716.277531576355,15.26256158,,350
350,21,9,4332.483988118812,279.568,,350,22,161.6,2000.0,5761.011164,5773.90324320792,12.89207921,,351
351,22,9,4394.087331019802,279.5628,,351,23,201.99999999999997,3000.0,5820.99883,5841.3216022772285,20.32277228,,352
352,23,9,4453.982697613861,279.5628,,352,21,202.0,2000.0,5881.006845,5894.64085279602,13.6340078,,353
353,21,9,4513.625660990099,279.5525,,353,22,161.6,2000.0,5940.997918,5969.033561564356,28.03564356,,354
354,22,9,11473.708306222712,279.5525,,354,23,201.99999999999997,3000.0,6001.009887,6017.005926603961,15.9960396,,355
355,23,9,15493.186985126851,279.5525,,355,18,201.0,2000.0,6001.018611,12542.593667557798,6541.575057,,356
356,21,9,4541.912709448276,279.5525,,356,21,201.0,2000.0,6001.018694,6032.0109017283385,30.99220773,,357
357,20,8,4569.084566129353,279.5525,,357,20,203.0,3000.0,6001.019085,6053.616154938104,52.59706994,,358
358,22,9,4533.116227881774,279.5525,,358,22,162.39999999999998,2000.0,6001.019086,6065.30553696961,64.28645097,,359
359,23,9,4572.592557524753,279.5473,,359,18,201.0,2000.0,6001.025642,6046.860142188176,45.83450019,,360
360,21,9,4639.825827782178,279.5422,,360,23,201.0,3000.0,6001.026457,6056.684287840503,55.65783084,,361
361,22,9,4693.142088960396,279.537,,361,21,203.0,2000.0,6019.213311,6909.68180184729,890.4684908,,362
362,23,9,4767.637942475247,279.5318,,362,19,163.20000000000002,2000.0,6024.212106,6786.20211243547,761.9900064,,363
363,21,9,4813.149442960396,279.5267,,363,22,163.20000000000002,2000.0,6024.220911,6798.31193651524,774.0910255,,364
364,22,9,4848.932164619734,279.5267,,364,20,204.00000000000003,3000.0,6024.222611,6797.473015137254,773.2504041,,365
365,18,8,4857.834787296326,279.5267,,365,23,204.00000000000003,3000.0,6024.224383,6695.860379786352,671.6359968,,366
366,23,9,4825.960388234028,279.5267,,366,18,204.0,2000.0,6024.225952,6783.594269298214,759.3683173,,367
367,19,8,17925.42021864706,279.5267,,367,21,204.0,2000.0,6024.226808,6798.9638972995535,774.7370893,,368
368,21,9,4833.017262038233,279.5267,,368,19,163.20000000000002,2000.0,6024.230909,6425.549106429819,401.3181974,,369
369,20,8,4843.451702719211,279.5267,,369,22,163.20000000000002,2000.0,6024.23361,6413.4372344325375,389.2036244,,370
370,22,9,17541.972709014928,279.5267,,370,20,204.00000000000003,3000.0,6024.23402,6425.439106429819,401.2050864,,371
371,23,9,4875.498782108911,279.5215,,371,23,204.00000000000003,3000.0,6024.257624,6214.5892812015145,190.3316572,,372
372,21,9,4946.879629227722,279.5163,,372,18,204.0,2000.0,6028.777321,6053.389553952882,24.61223295,,373
373,22,9,4992.288021306931,279.5163,,373,21,204.0,2000.0,6028.778903,6035.481489963632,6.702586964,,374
374,23,9,5053.435444178218,279.506,,374,19,161.6,2000.0,6061.00422,6090.160081629004,29.15586163,,375
375,21,9,19495.48104966462,279.5008,,375,22,161.6,2000.0,6120.999619,6133.045163554456,12.04554455,,376
376,22,9,5115.970887138614,279.5008,,376,23,201.99999999999997,3000.0,6180.994869,6193.040413554456,12.04554455,,377
377,23,9,5142.316964632916,279.5008,,377,21,202.0,2000.0,6240.998849,6258.217660881188,17.21881188,,378
378,18,8,32686.54452685611,279.5008,,378,22,161.6,2000.0,6301.016075,6312.83276233005,11.81668733,,379
379,21,9,5121.690098961274,279.5008,,379,23,204.00000000000003,3000.0,6301.016304,14841.700394004834,8540.68409,,380
380,19,8,5163.913048665025,279.5008,,380,20,201.0,3000.0,6301.016369,6354.240747109453,53.22437811,,381
381,22,9,5173.712530396039,279.4957,,381,23,203.0,3000.0,6301.016851,6312.72276233005,11.70591133,,382
382,23,9,5232.779240712871,279.4905,,382,21,202.0,2000.0,6360.995262,6372.476450118812,11.48118812,,383
383,21,9,15752.407388213931,279.4905,,383,22,161.6,2000.0,6421.003755,6438.50474509901,17.5009901,,384
384,22,9,5293.4223941782175,279.4853,,384,18,202.0,2000.0,6481.006998,6493.052542554456,12.04554455,,385
385,23,9,5359.063266534653,279.4853,,385,19,161.6,2000.0,6541.004539,6552.861964742574,11.85742574,,386
386,21,9,5413.688939862069,279.475,,386,20,201.99999999999997,3000.0,6601.004386,6613.332108772277,12.32772277,,387
387,22,9,5413.587209261083,279.475,,387,18,201.0,2000.0,6601.020585,6650.721164927162,49.70057993,,388
388,23,9,5450.858094090924,279.475,,388,23,201.0,3000.0,6601.034863,6658.976344082518,57.94148108,,389
389,20,8,5460.878836547264,279.475,,389,19,163.20000000000002,2000.0,6601.052901,21301.59900315686,14700.5461,,390
390,21,9,15425.780069158478,279.475,,390,21,201.0,2000.0,6601.053014,6673.061360178508,72.00834618,,391
391,18,8,25746.081003869513,279.475,,391,20,203.0,3000.0,6601.053241,6628.424068679803,27.37082768,,392
392,19,8,7012.207521306931,279.475,,392,23,203.0,3000.0,6601.053733,6610.981319206896,9.927586207,,393
393,20,8,7048.445396470664,279.475,,393,18,203.0,2000.0,6615.847714,7255.011898933718,639.1641849,,394
394,22,9,7006.984115582012,279.475,,394,21,204.0,2000.0,6624.273071,6648.6705386470585,24.39746765,,395
395,18,8,6502.03342977612,279.475,,395,19,163.20000000000002,2000.0,6624.274606,6663.387831593828,39.11322559,,396
396,23,9,5474.1730194257425,279.475,,396,22,163.20000000000002,2000.0,6624.275084,6663.946932317812,39.67184832,,397
397,21,9,5533.901343207921,279.4647,,397,20,204.00000000000003,3000.0,6624.275095,6653.515282574221,29.24018757,,398
398,22,9,5592.591394524753,279.4595,,398,23,204.00000000000003,3000.0,6624.276421,6642.44504845098,18.16862745,,399
399,23,9,5653.147953960396,279.4543,,399,18,202.0,2000.0,6661.006989,6690.4427481083285,29.43575911,,400
400,21,9,16751.17668911443,279.4492,,400,21,202.0,2000.0,6721.014035,6733.247698366336,12.23366337,,401
401,22,9,11470.862535078433,279.4492,,401,22,161.6,2000.0,6781.01149,6793.057034554456,12.04554455,,402
402,23,9,5750.356534582089,279.4492,,402,23,201.99999999999997,3000.0,6841.006925,6852.299994306931,11.29306931,,403
403,19,8,5713.059922554456,279.4492,,403,21,202.0,2000.0,6900.999297,6913.226356302736,12.2270593,,404
404,21,9,5716.277531576355,279.4492,,404,19,162.39999999999998,2000.0,6901.014452,7010.153860866995,109.1394089,,405
405,20,8,5744.931843736722,279.4492,,405,22,162.39999999999998,2000.0,6901.01484,7020.2402732174805,119.2254332,,406
406,22,9,5773.90324320792,279.444,,406,20,204.00000000000003,3000.0,6901.014885,12441.933779741586,5540.918895,,407
407,23,9,5841.3216022772285,279.444,,407,23,201.0,3000.0,6901.015228,7055.357535830846,154.3423078,,408
408,21,9,5894.64085279602,279.4337,,408,21,201.0,2000.0,6901.015254,12511.288361353234,5610.273107,,409
409,22,9,5969.033561564356,279.4337,,409,22,161.6,2000.0,6961.012926,6972.964411148515,11.95148515,,410
410,23,9,6017.005926603961,279.4233,,410,23,201.99999999999997,3000.0,7021.004302,7032.10925249505,11.1049505,,411
412,19,8,18408.096689235295,279.4233,,411,21,202.0,2000.0,7081.011591,7093.339313772278,12.32772277,,412
411,18,8,12542.593667557798,279.4233,,412,0,202.0,2000.0,7141.007169,7153.334891772278,12.32772277,,413
413,21,9,6032.0109017283385,279.4233,,413,1,242.39999999999998,3000.0,7201.006914,8020.45086739882,819.4439534,,414
414,20,8,6053.616154938104,279.4233,,414,3,201.0,2000.0,7201.016328,20138.875101960784,12937.85877,,415
415,22,9,6065.30553696961,279.4233,,415,4,243.6,3000.0,7201.016377,7233.303994993045,32.28761799,,416
416,18,8,6046.860142188176,279.4233,,416,2,201.99999999999997,3000.0,7201.01657,7223.01375419802,21.9971842,,417
417,23,9,6056.684287840503,279.4233,,417,0,204.0,2000.0,7201.016698,38625.42046045361,31424.40376,,418
418,21,9,6909.68180184729,279.4233,,418,5,201.0,3000.0,7201.016814,7214.246173985075,13.22935999,,419
419,19,8,6770.050151651156,279.4233,,419,3,203.0,2000.0,7201.01684,7259.696288034483,58.67944803,,420
420,22,9,6798.31193651524,279.4233,,420,1,241.2,3000.0,7201.022706,7289.293031209078,88.27032521,,421
421,20,8,6797.473015137254,279.4233,,421,4,241.2,3000.0,7201.023728,7299.700956120437,98.67722812,,422
422,23,9,6596.074489334498,279.4233,,422,2,200.0,3000.0,7201.211774,7217.313621,16.101847,,423
423,18,8,6783.594269298214,279.4233,,423,0,203.0,2000.0,7201.213542,7269.064175487685,67.85063349,,424
424,21,9,6798.9638972995535,279.4233,,424,5,204.00000000000003,3000.0,7203.057556,7901.6145304698175,698.5569745,,425
425,19,8,6786.20211243547,279.4233,,425,1,244.8,3000.0,7203.060544,7849.738038313724,646.6774943,,426
426,20,8,6795.276936705882,279.4233,,426,3,204.0,2000.0,7203.060652,7869.480236158033,666.4195842
427,18,8,6764.167798709979,279.4233,,427,2,204.00000000000003,3000.0,7203.066061,7896.866708982979,693.800648
428,19,8,6425.549106429819,279.4233,,428,4,244.8,3000.0,7203.066066,7841.520969477578,638.4549035
429,22,9,6797.135465927005,279.4233,,429,0,204.0,2000.0,7203.066933,7895.749061924155,692.6821289
430,23,9,6695.860379786352,279.4233,,430,5,204.00000000000003,3000.0,7203.068705,7530.984603773302,327.9158988
431,21,9,6793.782524750534,279.4233,,431,1,244.8,3000.0,7203.07544,7581.1007834117645,378.0253434
432,22,9,6413.4372344325375,279.4233,,432,3,204.0,2000.0,7203.075886,7597.780426367307,394.7045404
433,20,8,6425.439106429819,279.4233,,433,2,204.00000000000003,3000.0,7203.077469,7590.973332431372,387.8958634
434,23,9,6214.5892812015145,279.4233,,434,4,244.8,3000.0,7207.126771,7223.074605357624,15.94783436
435,18,8,6053.389553952882,279.4233,,435,0,204.0,2000.0,7207.131862,7215.334803176471,8.202941176
436,21,9,6035.481489963632,279.4233,,436,5,201.99999999999997,3000.0,7217.056248,108289.99937346535,101072.9431
437,19,8,6060.557331408692,279.4233,,437,1,242.39999999999998,3000.0,7217.203621,67006.76291158416,59789.55929
438,20,8,6051.428769639157,279.4233,,438,3,202.0,2000.0,7217.204849,56549.709352057536,49332.5045
439,18,8,6040.561634725489,279.4233,,439,2,201.99999999999997,3000.0,7217.205875,71202.75199468316,63985.54612
440,19,8,6090.160081629004,279.4182,,440,4,242.39999999999998,3000.0,7217.210441,56781.465152737335,49564.25471
441,22,9,6133.045163554456,279.4182,,441,0,202.0,2000.0,7217.211279,90271.13488597747,83053.92361
442,23,9,6193.040413554456,279.413,,442,5,201.99999999999997,3000.0,7217.213003,81308.73531732673,74091.52231
443,21,9,6258.217660881188,279.4078,,443,1,242.39999999999998,3000.0,7217.219101,89379.77845033392,82162.55935
444,22,9,6312.83276233005,279.3975,,444,3,202.0,2000.0,7217.219562,90820.5818519802,83603.36229
445,23,9,14841.700394004834,279.3975,,445,2,201.99999999999997,3000.0,7217.24957,43058.530971980195,35841.2814
446,20,8,6354.240747109453,279.3975,,446,4,243.6,3000.0,7228.937132,8599.646631559383,1370.7095
447,21,9,20196.68539558209,279.3975,,447,4,242.39999999999998,3000.0,7242.672196,78626.077627703,71383.40543
448,22,9,6341.00622278325,279.3975,,448,0,202.0,2000.0,7242.672472,75556.92098685152,68314.24851
449,23,9,6312.72276233005,279.3975,,449,5,201.99999999999997,3000.0,7242.673673,78895.93703933664,71653.26337
450,21,9,6372.476450118812,279.3975,,450,1,242.39999999999998,3000.0,7242.680537,86717.21904439332,79474.53851
451,22,9,6438.50474509901,279.3872,,451,3,202.0,2000.0,7242.680598,77851.69643958418,70609.01584
452,18,8,6493.052542554456,279.382,,452,2,201.99999999999997,3000.0,7242.681121,83397.486371126,76154.80525
453,19,8,6552.861964742574,279.3768,,453,4,242.39999999999998,3000.0,7242.683504,75699.57188950495,68456.88839
454,20,8,6613.332108772277,279.3717,,454,0,202.0,2000.0,7242.704035,79273.17123891089,72030.4672
455,18,8,6650.721164927162,279.3717,,455,5,201.99999999999997,3000.0,7253.327086,81791.39868366337,74538.0716
456,23,9,6658.976344082518,279.3717,,456,1,242.39999999999998,3000.0,7253.330228,92592.70630872279,85339.37608
457,19,8,21301.59900315686,279.3717,,457,3,202.0,2000.0,7253.330496,75503.0570380198,68249.72654
458,21,9,6673.061360178508,279.3717,,458,2,201.99999999999997,3000.0,7253.335163,73929.069501703,66675.73434
459,20,8,6628.424068679803,279.3717,,459,4,242.39999999999998,3000.0,7253.336828,81795.02244603961,74541.68562
460,22,9,26989.507971876166,279.3717,,460,0,202.0,2000.0,7253.336952,75654.77428350496,68401.43733
461,23,9,6610.981319206896,279.3717,,461,5,201.99999999999997,3000.0,7253.337466,88226.7105648515,80973.3731
462,18,8,7255.011898933718,279.3717,,462,1,242.39999999999998,3000.0,7256.542008,69052.46093138614,61795.91892
463,21,9,6648.6705386470585,279.3717,,463,3,202.0,2000.0,7256.81009,70708.66058930694,63451.8505
464,19,8,6663.387831593828,279.3717,,464,2,201.99999999999997,3000.0,7256.811896,70591.93021250494,63335.11832
465,22,9,6663.946932317812,279.3717,,465,4,242.39999999999998,3000.0,7256.813587,47712.82895282516,40456.01537
466,20,8,6653.515282574221,279.3717,,466,0,202.0,2000.0,7256.814344,69461.81241653465,62204.99807
467,23,9,6642.44504845098,279.3717,,467,5,201.99999999999997,3000.0,7256.814728,72882.80612960397,65625.9914
468,18,8,6690.4427481083285,279.3665,,468,1,242.39999999999998,3000.0,7256.822299,70624.53417290098,63367.71187
469,21,9,6733.247698366336,279.3613,,469,3,202.0,2000.0,7256.823237,73729.43338898021,66472.61015
470,22,9,6793.057034554456,279.3562,,470,2,201.99999999999997,3000.0,7256.824646,68573.75301059405,61316.92836
471,23,9,6852.299994306931,279.351,,471,5,201.99999999999997,3000.0,7261.019901,7286.327821792079,25.30792079
472,21,9,6913.226356302736,279.351,,472,3,202.0,2000.0,7321.005106,7333.709066396039,12.7039604
473,19,8,7010.153860866995,279.3458,,473,4,242.39999999999998,3000.0,7380.998393,7408.3756207227725,27.37722772
474,22,9,7020.2402732174805,279.3458,,474,5,201.99999999999997,3000.0,7441.014881,7452.778247336633,11.76336634
475,20,8,12441.933779741586,279.3458,,475,3,202.0,2000.0,7500.999796,7514.362172237624,13.36237624
476,23,9,7055.357535830846,279.3458,,476,0,203.0,2000.0,7501.027254,7550.721986728292,49.69473273
477,21,9,12511.288361353234,279.3458,,477,4,241.2,3000.0,7501.027379,7546.750772927531,45.72339393
478,22,9,6972.964411148515,279.3407,,478,1,241.2,3000.0,7501.02748,16263.516860642378,8762.489381
479,23,9,7032.10925249505,279.3355,,479,5,203.0,3000.0,7501.027876,7528.700290047812,27.67241405
480,21,9,7093.339313772278,279.3303,,480,2,204.00000000000003,3000.0,7501.02802,16105.596462632428,8604.568443
481,0,2,7153.334891772278,279.1223,,481,3,202.0,2000.0,7561.008518,7581.143171465346,20.13465347
482,1,2,8020.45086739882,278.91,,482,4,242.39999999999998,3000.0,7621.088823,7643.669021019802,22.58019802
483,3,3,19524.427340766753,278.91,,483,5,201.99999999999997,3000.0,7680.994429,7692.381557712872,11.38712871
484,4,3,7233.303994993045,278.91,,484,3,202.0,2000.0,7741.007448,7760.0133885940595,19.00594059
485,2,2,7223.01375419802,278.91,,485,4,242.39999999999998,3000.0,7801.015412,7817.847491653465,16.83207965
486,0,2,20509.344975103893,278.91,,486,5,201.0,3000.0,7801.025899,7850.5466249698575,49.52072597
487,5,3,7214.246173985075,278.91,,487,3,201.0,2000.0,7801.026856,7860.374655218905,59.34779922
488,3,3,7259.696288034483,278.91,,488,0,203.0,2000.0,7801.034137,7888.636316826116,87.60217983
489,1,2,7289.293031209078,278.91,,489,4,244.8,3000.0,7801.034347,21197.311376470585,13396.27703
490,4,3,7299.700956120437,278.91,,490,1,243.6,3000.0,7801.03445,7865.1437059886775,64.10925599
491,2,2,7217.313621,278.91,,491,5,201.0,3000.0,7801.034952,40361.618612437815,32560.58366
492,0,2,7269.064175487685,278.91,,492,2,201.0,3000.0,7801.297952,7851.489282094819,50.19133009
493,5,3,7901.6145304698175,278.91,,493,3,203.0,2000.0,7814.500957,7848.481948352942,33.98099135
494,1,2,7846.443920666666,278.91,,494,4,242.39999999999998,3000.0,7861.010067,7874.178255960013,13.16818896
495,3,3,7841.410969477577,278.91,,495,5,201.99999999999997,3000.0,7921.009954,7933.055498554456,12.04554455
496,2,2,7843.463528509803,278.91,,496,3,202.0,2000.0,7981.005499,7993.051043554456,12.04554455
497,4,3,7841.520969477578,278.91,,497,0,202.0,2000.0,8041.002854,8052.7662203366335,11.76336634
498,0,2,7841.787057921568,278.91,,498,1,242.39999999999998,3000.0,8101.010119,8112.679425930693,11.66930693
499,5,3,7848.371948352941,278.91,,499,4,241.2,3000.0,8101.01102,8132.013095324511,31.00207532
500,3,3,7869.480236158033,278.91,,500,2,203.0,3000.0,8101.011514,8114.112923467638,13.10140947
501,4,3,7839.058028301107,278.91,,501,3,203.0,2000.0,8101.011642,8121.5155828867,20.50394089
502,5,3,7530.984603773302,278.91,,502,1,242.39999999999998,3000.0,8161.007572,8180.201631405941,19.19405941
503,1,2,7849.738038313724,278.91,,503,2,201.99999999999997,3000.0,8221.014173,8232.495361118812,11.48118812
504,2,2,7896.866708982979,278.91,,504,0,202.0,2000.0,8281.005969,8309.041612564357,28.03564356
505,0,2,7895.749061924155,278.91,,505,0,202.0,2000.0,8341.00867,8353.806689801979,12.7980198
506,1,2,7581.1007834117645,278.91,,506,1,242.39999999999998,3000.0,8401.011118,8414.467553643564,13.45643564
507,3,3,7597.780426367307,278.91,,507,4,241.2,3000.0,8401.026762,8467.476083656717,66.44932166
508,2,2,7590.973332431372,278.91,,508,2,201.0,3000.0,8401.026846,8451.296598179106,50.26975218
509,4,3,7223.074605357624,278.91,,509,0,201.0,2000.0,8415.729434,14397.136400696225,5981.406967
510,0,2,7215.334803176471,278.91,,510,5,201.0,3000.0,8415.729815,8558.935599585471,143.2057846
511,5,3,7223.81970339684,278.91,,511,1,244.8,3000.0,8415.826787,19833.237131966638,11417.41034
512,3,3,7224.038474431373,278.91,,512,3,203.0,2000.0,8416.010606,8490.791320978506,74.78071498
513,4,3,7221.706958298801,278.91,,513,2,203.0,3000.0,8416.010733,8480.49364251408,64.48290951
514,5,3,108289.99937346535,278.91,,514,0,202.0,2000.0,8461.004575,8475.777842326734,14.77326733
515,1,2,31084.768405841583,278.91,,515,4,242.39999999999998,3000.0,8521.003239,8536.717100386139,15.71386139
516,3,3,21424.123257658703,278.91,,516,5,201.99999999999997,3000.0,8581.011755,8595.314725297028,14.3029703
517,2,2,71202.75199468316,278.91,,517,3,202.0,2000.0,8640.992882,8654.731495861386,13.73861386
518,4,3,10605.027929422688,278.91,,518,4,242.39999999999998,3000.0,8700.995237,8716.144741950495,15.14950495
519,0,2,77394.35844192079,278.91,,519,5,201.0,3000.0,8701.017605,22229.74616168569,13528.72856
520,5,3,103419.13902970296,278.91,,520,3,204.0,2000.0,8701.017649,21694.753049874096,12993.7354
521,3,3,56549.709352057536,278.91,,521,1,241.2,3000.0,8701.017681,8808.122656124377,107.1049751
522,4,3,56781.465152737335,278.91,,522,4,243.6,3000.0,8701.017688,8830.34178628547,129.3240983
523,5,3,81308.73531732673,278.91,,523,2,203.0,3000.0,8701.018073,8852.265513267233,151.2474403
524,1,2,67006.76291158416,278.91,,524,5,201.99999999999997,3000.0,8761.012819,8775.786086326732,14.77326733
525,2,2,42943.30508511508,278.91,,525,3,202.0,2000.0,8821.013054,8835.495251632005,14.48219763
526,0,2,90271.13488597747,278.91,,526,4,242.39999999999998,3000.0,8881.006083,8900.20014240594,19.19405941
527,1,2,89379.77845033392,278.91,,527,5,201.99999999999997,3000.0,8941.008209,8955.123060485148,14.11485149
528,3,3,90820.5818519802,278.91,,528,3,202.0,2000.0,9001.000498,9020.006438594059,19.00594059
529,2,2,10526.000311613861,278.91,,529,0,202.0,2000.0,9001.022156,9016.352882851486,15.33072685
530,4,3,8599.646631559383,278.91,,530,4,241.2,3000.0,9001.022186,22809.267909382845,13808.24572
531,5,3,78113.4390138416,278.91,,531,1,241.2,3000.0,9001.022395,9063.786415888637,62.76402089
532,3,3,79570.52244603961,278.91,,532,5,203.0,3000.0,9001.022428,9054.252744012778,53.23031601
533,4,3,78136.36970691092,278.91,,533,2,204.00000000000003,3000.0,9001.023064,24385.51972369915,15384.49666
534,0,2,73513.72468524752,278.91,,534,3,203.0,2000.0,9001.023087,9026.548310515242,25.52522352
535,5,3,78648.62218215843,278.91,,535,0,201.0,2000.0,9001.031527,9066.052743258706,65.02121626
536,1,2,75770.90299637624,278.91,,536,4,241.2,3000.0,9001.032051,9086.54346540535,85.51141441
537,2,2,43058.530971980195,278.91,,537,1,243.6,3000.0,9001.204368,9025.254360683999,24.04999268
538,0,2,75556.92098685152,278.91,,538,5,201.99999999999997,3000.0,9061.012994,9072.588241524752,11.57524752
539,1,2,78511.41381316831,278.91,,539,3,202.0,2000.0,9120.994328,9137.554724039604,16.56039604
540,3,3,77602.11366431683,278.91,,540,4,242.39999999999998,3000.0,9180.999819,9192.951304148515,11.95148515
541,2,2,75576.76257100994,278.91,,541,5,201.99999999999997,3000.0,9241.002652,9252.766018336633,11.76336634
542,4,3,78626.077627703,278.91,,542,3,202.0,2000.0,9301.011242,9318.41817269307,17.40693069
543,5,3,78895.93703933664,278.91,,543,2,203.0,3000.0,9301.018535,9396.024938940885,95.00640394
544,3,3,77851.69643958418,278.91,,544,5,203.0,3000.0,9301.018878,9386.835540098522,85.8166621
545,4,3,75699.57188950495,278.91,,545,0,201.0,2000.0,9301.019144,9414.258769786657,113.2396258
546,0,2,72840.76189567326,278.91,,546,4,242.39999999999998,3000.0,9361.01288,9372.870305742574,11.85742574
547,5,3,81791.39868366337,278.91,,547,5,201.99999999999997,3000.0,9421.004777,9432.956262148515,11.95148515
548,1,2,86717.21904439332,278.91,,548,3,202.0,2000.0,9481.003165,9497.187323415841,16.18415842
549,2,2,83397.486371126,278.91,,549,4,242.39999999999998,3000.0,9540.993682,9553.039226554456,12.04554455
550,0,2,79273.17123891089,278.91,,550,5,201.99999999999997,3000.0,9601.00921,9612.11416049505,11.1049505
551,1,2,92592.70630872279,278.91,,551,1,241.2,3000.0,9601.021313,9653.763663266967,52.74235027
552,3,3,75503.0570380198,278.91,,552,3,201.0,2000.0,9601.021671,9664.810677907984,63.78900691
553,2,2,70486.83221851484,278.91,,553,2,203.0,3000.0,9601.045287,9624.415936197043,23.3706492
554,4,3,71978.36851009901,278.91,,554,4,241.2,3000.0,9601.045426,9655.641523679129,54.59609768
555,5,3,68107.39821306932,278.91,,555,0,203.0,2000.0,9601.045694,9646.411010088668,45.36531609
556,3,3,73800.05715135645,278.91,,556,5,204.00000000000003,3000.0,9601.045762,22116.975017407083,12515.92926
557,4,3,81795.02244603961,278.91,,557,1,241.2,3000.0,9601.046183,21172.678308437225,11571.63213
558,0,2,61295.341358863596,278.91,,558,3,204.0,2000.0,9614.593191,12823.08044590196,3208.487255
559,5,3,82113.27987178219,278.91,,559,4,244.8,3000.0,9614.75937,12856.143683725491,3241.384314
560,1,2,89763.80815330421,278.91,,560,2,204.00000000000003,3000.0,9614.761183,12865.276253921566,3250.515071
561,2,2,73929.069501703,278.91,,561,5,204.00000000000003,3000.0,9614.762072,12835.281426294117,3220.519354
562,0,2,75654.77428350496,278.91,,562,0,204.0,2000.0,9614.762312,12853.820371568625,3239.05806
563,1,2,68575.55499079208,278.91,,563,3,204.0,2000.0,9614.768037,11334.343624156862,1719.575587
564,3,3,70708.66058930694,278.91,,564,1,244.8,3000.0,9614.768563,12851.771351960782,3237.002789
565,2,2,70029.98073336633,278.91,,565,4,244.8,3000.0,9614.76952,11345.520094745098,1730.750575
566,4,3,73389.913587,278.91,,566,2,204.00000000000003,3000.0,9614.772195,11240.653592745099,1625.881398
567,5,3,88226.7105648515,278.91,,567,5,204.00000000000003,3000.0,9614.772464,11347.475977098038,1732.703513
568,3,3,68985.43781702971,278.91,,568,0,203.0,2000.0,9617.482234,11247.266790769343,1629.784557
569,4,3,47712.82895282516,278.91,,569,1,244.8,3000.0,9632.872305,9741.093071852794,108.2207669
570,0,2,69461.81241653465,278.91,,570,3,204.0,2000.0,9632.878275,9740.633523502194,107.7552485
571,5,3,65324.41012200927,278.91,,571,2,201.99999999999997,3000.0,9660.997128,9676.993167603961,15.9960396
572,1,2,69052.46093138614,278.91,,572,0,202.0,2000.0,9720.99956,9732.480748118813,11.48118812
573,2,2,70591.93021250494,278.91,,573,1,242.39999999999998,3000.0,9781.001484,9794.081682019802,13.08019802
574,0,2,69455.36192148515,278.91,,574,2,201.99999999999997,3000.0,9841.003857,9853.049401554455,12.04554455
575,1,2,67046.45598089109,278.91,,575,0,202.0,2000.0,9901.010699,9918.126687138076,17.11598814
576,3,3,68087.12098534654,278.91,,576,1,241.2,3000.0,9901.050855,9939.385393605737,38.33453861
577,2,2,66588.00548584158,278.91,,577,4,244.8,3000.0,9901.050954,15191.153195597748,5290.102242
578,4,3,22491.874874556976,278.91,,578,2,201.0,3000.0,9901.051073,21321.703184059115,11420.65211
579,5,3,7286.327821792079,278.9952,,579,5,203.0,3000.0,9901.051218,9925.954173665024,24.90295567
580,3,3,7333.709066396039,279.0803,,580,0,203.0,2000.0,9901.051464,9917.156390108374,16.10492611
581,4,3,7408.3756207227725,279.0803,,581,1,242.39999999999998,3000.0,9961.008477,9973.524318584157,12.51584158
582,5,3,7452.778247336633,279.2507,,582,2,201.99999999999997,3000.0,10021.01547,10037.199628415841,16.18415842
583,3,3,7514.362172237624,279.2507,,583,0,202.0,2000.0,10081.00188,10093.235543366336,12.23366337
584,0,2,7550.721986728292,279.3358,,584,1,242.39999999999998,3000.0,10141.01438,10155.22329089109,14.20891089
585,4,3,7546.750772927531,279.3358,,585,2,201.99999999999997,3000.0,10201.00095,10218.784118316831,17.78316832
586,1,2,16263.516860642378,279.3358,,586,0,201.0,2000.0,10201.01615,10274.445590696518,73.4294407
587,5,3,7528.700290047812,279.3358,,587,3,201.0,2000.0,10201.03221,10253.962861358234,52.93065136
588,2,2,16105.596462632428,279.3358,,588,1,243.6,3000.0,10201.04339,10243.396905531212,42.35351553
589,3,3,7581.143171465346,279.421,,589,5,203.0,3000.0,10201.044,10209.848433497536,8.804433498
590,4,3,7643.669021019802,279.5062,,590,2,201.0,3000.0,10201.04413,10227.654765083,26.61063508
591,5,3,7692.381557712872,279.5062,,591,0,202.0,2000.0,10261.01773,10274.559452082656,13.54172208
592,3,3,7760.0133885940595,279.6765,,592,1,242.39999999999998,3000.0,10321.01617,10348.675575940595,27.65940594
593,4,3,7817.847491653465,279.7617,,593,2,201.99999999999997,3000.0,10381.00812,10393.147723960397,12.13960396
594,5,3,7850.5466249698575,279.7617,,594,0,202.0,2000.0,10441.00448,10458.129232475247,17.12475248
595,3,3,7860.374655218905,279.7617,,595,1,242.39999999999998,3000.0,10501.0012,10512.858625742574,11.85742574
596,0,2,7888.636316826116,279.7617,,596,2,203.0,3000.0,10501.02095,10523.085226727795,22.06427673
597,4,3,21197.311376470585,279.7617,,597,4,241.2,3000.0,10501.02098,10516.056303383084,15.03532338
598,1,2,7865.1437059886775,279.7617,,598,0,204.0,2000.0,10501.02102,22644.510286365232,12143.48927
599,5,3,23294.131050248758,279.7617,,599,3,203.0,2000.0,10501.02151,10540.701623580127,39.68011358
600,2,2,7851.489282094819,279.7617,,600,1,242.39999999999998,3000.0,10561.00784,10580.20189940594,19.19405941
601,3,3,7848.481948352942,279.7617,,601,2,201.99999999999997,3000.0,10620.99673,10632.571977524753,11.57524752
602,4,3,7874.178255960013,279.8468,,602,0,202.0,2000.0,10681.00371,10701.984898118813,20.98118812
603,5,3,7933.055498554456,279.932,,603,1,242.39999999999998,3000.0,10741.00082,10755.209730891089,14.20891089
604,3,3,7993.051043554456,280.0172,,604,2,201.99999999999997,3000.0,10801.01006,11603.194057920791,802.1839979
605,0,2,8052.7662203366335,280.1023,,605,4,243.6,3000.0,10801.01795,10984.09079511335,183.0728451
606,1,2,8112.679425930693,280.1875,,606,0,202.0,2000.0,10801.01796,10975.863225148514,174.8452651
607,4,3,8132.013095324511,280.1875,,607,5,201.0,3000.0,10801.01815,11034.59328267554,233.5751327
608,2,2,8114.112923467638,280.1875,,608,2,203.0,3000.0,10801.01872,11018.804111848021,217.7853918
609,5,3,40361.618612437815,280.1875,,609,3,201.0,2000.0,10801.02459,10921.346452985073,120.321863
610,3,3,8121.5155828867,280.1875,,610,4,241.2,3000.0,10801.02567,10932.973318656715,131.9476487
611,0,2,38625.42046045361,280.1875,,611,0,203.0,2000.0,10801.14285,10847.470362216749,46.32751222
612,1,2,8180.201631405941,280.2727,,612,5,200.0,3000.0,10801.20529,10867.22705,66.02176
613,2,2,8232.495361118812,280.3578,,613,0,202.0,2000.0,10809.46088,85533.95171766065,74724.49084
614,0,2,8309.041612564357,280.443,,614,4,242.39999999999998,3000.0,10809.46216,82206.50759455447,71397.04543
615,1,2,15182.817054268951,280.443,,615,2,201.99999999999997,3000.0,10809.46319,74839.20811556438,64029.74493
616,2,2,15040.982492238221,280.443,,616,3,202.0,2000.0,10809.46369,82750.6412579208,71941.17757
617,0,2,8353.806689801979,280.5282,,617,1,242.39999999999998,3000.0,10809.46528,87177.41211370027,76367.94683
618,1,2,8414.467553643564,280.6133,,618,5,201.99999999999997,3000.0,10809.4664,46796.20727033197,35986.74087
619,4,3,8467.476083656717,280.6133,,619,0,202.0,2000.0,10809.48504,73279.9524080198,62470.46737
620,2,2,8451.296598179106,280.6133,,620,4,242.39999999999998,3000.0,10809.48676,43667.03832285306,32857.55156
621,0,2,14397.136400696225,280.6133,,621,1,242.39999999999998,3000.0,10861.01174,10876.067185544554,15.05544554
622,5,3,8558.935599585471,280.6133,,622,0,202.0,2000.0,10981.0195,10993.72346039604,12.7039604
623,1,2,17802.681887529412,280.6133,,623,5,201.99999999999997,3000.0,11041.00896,11058.227771881187,17.21881188
624,3,3,8490.791320978506,280.6133,,624,3,202.0,2000.0,11100.99575,11119.531393564357,18.53564356
625,2,2,8480.49364251408,280.6133,,625,1,243.6,3000.0,11101.01486,11236.632438267285,135.6175783
626,0,2,8475.777842326734,280.6985,,626,4,243.6,3000.0,11101.01494,11204.415733103448,103.4007931
627,4,3,8536.717100386139,280.7837,,627,1,241.2,3000.0,11101.01554,11226.080714129354,125.0651741
628,5,3,8595.314725297028,280.8688,,628,5,201.99999999999997,3000.0,11161.00194,11191.389068712871,30.38712871
629,3,3,8654.731495861386,280.8688,,629,3,202.0,2000.0,11221.02175,11238.641284705882,17.61953471
630,4,3,8716.144741950495,280.954,,630,2,201.99999999999997,3000.0,11280.99785,11293.043394554456,12.04554455
631,5,3,21464.282461638802,281.0392,,631,0,202.0,2000.0,11341.01485,11353.342572772277,12.32772277
632,3,3,21553.08638320743,281.0392,,632,4,242.39999999999998,3000.0,11401.00744,11417.944073663366,16.93663366
633,1,2,8808.122656124377,281.0392,,633,5,201.0,3000.0,11401.01982,11558.674671414114,157.6548514
634,4,3,8830.34178628547,281.0392,,634,3,201.0,2000.0,11401.01982,11558.674671414114,157.6548514
635,2,2,8852.265513267233,281.0392,,635,1,244.8,3000.0,11401.02009,24925.472898999124,13524.45281
636,5,3,8775.786086326732,281.1243,,636,4,241.2,3000.0,11401.0202,19114.908255651742,7713.888056
637,3,3,8835.495251632005,281.2095,,637,5,201.0,3000.0,11401.0202,19114.908255651742,7713.888056
638,4,3,8900.20014240594,281.2947,,638,0,203.0,2000.0,11401.02029,11510.429276995073,109.408987
639,5,3,8955.123060485148,281.3798,,639,1,243.6,3000.0,11401.02029,11510.429276995073,109.408987
640,3,3,9020.006438594059,281.465,,640,3,203.0,2000.0,11401.02057,11533.815994845632,132.7954248
641,0,2,9016.352882851486,281.465,,641,4,243.6,3000.0,11401.02057,11533.815994845632,132.7954248
642,4,3,22809.267909382845,281.465,,642,2,201.0,3000.0,11401.02247,11447.157295870647,46.13482587
643,1,2,9063.786415888637,281.465,,643,0,201.0,2000.0,11401.03355,11455.560280945274,54.52673095
644,5,3,9054.252744012778,281.465,,644,1,242.39999999999998,3000.0,11461.02041,11474.476845643563,13.45643564
645,2,2,22178.662247149547,281.465,,645,2,201.99999999999997,3000.0,11521.0,11533.233663366336,12.23366337
646,3,3,9026.548310515242,281.465,,646,5,201.99999999999997,3000.0,11581.01282,11593.71678039604,12.7039604
647,0,2,9066.052743258706,281.465,,647,3,202.0,2000.0,11641.00965,11653.149253960397,12.13960396
648,4,3,9086.54346540535,281.465,,648,4,242.39999999999998,3000.0,11701.0065,11713.71046039604,12.7039604
649,1,2,9025.254360683999,281.465,,649,0,201.0,2000.0,11701.02176,11810.395391840795,109.3736318
650,5,3,9072.588241524752,281.5502,,650,5,203.0,3000.0,11701.02214,11895.682186345413,194.6600463
651,3,3,9137.554724039604,281.5502,,651,1,243.6,3000.0,11701.02215,11907.40031794917,206.3781679
652,4,3,9192.951304148515,281.6353,,652,2,204.00000000000003,3000.0,11701.02215,17808.495613019608,6107.473463
653,5,3,9252.766018336633,281.8057,,653,3,201.0,2000.0,11701.0224,17902.564972069653,6201.542572
654,3,3,9318.41817269307,281.8908,,654,4,242.39999999999998,3000.0,11761.00888,11772.490068118812,11.48118812
655,2,2,9396.024938940885,281.8908,,655,5,201.99999999999997,3000.0,11821.01581,11837.294027821783,16.27821782
656,4,3,20582.10059215686,281.8908,,656,3,202.0,2000.0,11881.00735,11892.30041930693,11.29306931
657,5,3,9386.835540098522,281.8908,,657,4,242.39999999999998,3000.0,11941.01461,11956.82253079208,15.80792079
658,0,2,9414.258769786657,281.8908,,658,5,203.0,3000.0,12001.01633,12178.096914047212,177.080584
659,3,3,20138.875101960784,281.8908,,659,0,201.0,2000.0,12001.01645,12053.29555447761,52.27910448
660,4,3,9372.870305742574,281.976,,660,3,202.0,2000.0,12001.01661,12052.849283267327,51.83267327
661,5,3,9432.956262148515,282.0612,,661,1,241.2,3000.0,12001.01673,12171.161226119402,170.1444961
662,3,3,9497.187323415841,282.1463,,662,4,243.6,3000.0,12001.01709,12186.80105906404,185.7839691
663,4,3,9553.039226554456,282.1463,,663,2,201.0,3000.0,12001.01729,24574.00231076383,12572.98502
664,5,3,9612.11416049505,282.3167,,664,3,201.0,2000.0,12001.03105,12077.769681277277,76.73863128
665,1,2,9653.763663266967,282.3167,,665,0,202.0,2000.0,12061.01335,12090.836122277227,29.82277228
666,3,3,9664.810677907984,282.3167,,666,4,242.39999999999998,3000.0,12121.01457,12133.530411584157,12.51584158
667,2,2,9624.415936197043,282.3167,,667,5,201.99999999999997,3000.0,12181.01316,12193.424821440278,12.41166144
668,4,3,9655.641523679129,282.3167,,668,3,202.0,2000.0,12241.0164,12259.740162376238,18.72376238
669,0,2,9646.411010088668,282.3167,,669,4,242.39999999999998,3000.0,12301.01237,12319.727235514314,18.71486551
670,5,3,19223.7805745976,282.3167,,670,5,203.0,3000.0,12301.02757,12326.091275526021,25.06370553
671,1,2,20585.255422865088,282.3167,,671,0,201.0,2000.0,12301.02776,12335.063083383086,34.03532338
672,3,3,12804.724817098038,282.3167,,672,3,203.0,2000.0,12301.02825,12317.133176108373,16.10492611
673,4,3,12838.97750472549,282.3167,,673,4,242.39999999999998,3000.0,12360.99836,12374.172617425742,13.17425743
674,2,2,12865.276253921566,282.3167,,674,12,202.0,2000.0,12421.00564,12432.769006336634,11.76336634
675,5,3,12804.328335490196,282.3167,,675,13,242.39999999999998,3000.0,12480.99777,12507.81064128713,26.81287129
676,0,2,12843.07527352941,282.3167,,676,14,201.99999999999997,3000.0,12541.00402,12553.896099207921,12.89207921
677,3,3,12823.08044590196,282.3167,,677,12,202.0,2000.0,12601.01213,12613.339852772277,12.32772277
678,4,3,12856.143683725491,282.3167,,678,15,202.0,2000.0,12601.01214,12620.104924059406,19.09278406
679,5,3,12835.281426294117,282.3167,,679,13,244.8,3000.0,12601.0125,23578.159632941173,10977.14713
680,3,3,11334.343624156862,282.3167,,680,14,201.0,3000.0,12601.0125,24191.285864196663,11590.27336
681,1,2,12838.418410784312,282.3167,,681,16,243.6,3000.0,12601.01267,12660.912421987612,59.89975199
682,4,3,11345.520094745098,282.3167,,682,17,201.0,3000.0,12601.01278,12645.24739735707,44.23461736
683,2,2,12863.63409705882,282.3167,,683,15,203.0,2000.0,12601.0129,12628.713588568502,27.70068857
684,0,2,12853.820371568625,282.3167,,684,12,201.0,2000.0,12601.02764,12671.904009402986,70.8763694
685,1,2,12851.771351960782,282.3167,,685,13,241.2,3000.0,12601.02789,12664.155773170287,63.12788317
686,2,2,11240.653592745099,282.3167,,686,16,243.6,3000.0,12601.16433,12640.56580531727,39.40147532
687,5,3,11347.475977098038,282.3167,,687,17,201.99999999999997,3000.0,12661.01568,12677.387957227724,16.37227723
688,0,2,11247.266790769343,282.3167,,688,15,202.0,2000.0,12721.01147,12733.433252178218,12.42178218
689,1,2,9741.093071852794,282.3167,,689,16,242.39999999999998,3000.0,12781.01333,12793.341052772277,12.32772277
690,3,3,9847.01587644337,282.3167,,690,17,201.99999999999997,3000.0,12841.01504,12859.456624158416,18.44158416
691,4,3,9846.084503894352,282.3167,,691,15,202.0,2000.0,12901.00132,12913.140923960396,12.13960396
692,5,3,9847.01587644337,282.3167,,692,16,241.2,3000.0,12901.01246,12967.450778627945,66.43831863
693,3,3,9740.633523502194,282.3167,,693,17,203.0,3000.0,12901.01257,12927.298559428376,26.28598943
694,2,2,9676.993167603961,282.3167,,694,12,204.0,2000.0,12901.01282,24749.366024911666,11848.3532
695,0,2,9732.480748118813,282.4018,,695,15,203.0,2000.0,12901.01295,12937.500529871726,36.48757987
696,1,2,9794.081682019802,282.5722,,696,16,242.39999999999998,3000.0,12960.99823,12973.69335288537,12.69512289
697,2,2,9853.049401554455,282.6573,,697,17,201.99999999999997,3000.0,13021.00378,13032.484968118812,11.48118812
698,0,2,9918.126687138076,282.7425,,698,15,202.0,2000.0,13081.01326,13099.925141188118,18.91188119
699,1,2,9939.385393605737,282.7425,,699,16,242.39999999999998,3000.0,13141.01002,13152.397148712871,11.38712871
700,4,3,15191.153195597748,282.7425,,700,17,201.99999999999997,3000.0,13201.01194,13213.151543960397,12.13960396
701,2,2,19407.599877064677,282.7425,,701,15,203.0,2000.0,13201.02312,13289.924251432736,88.90113143
702,5,3,9925.954173665024,282.7425,,702,16,241.2,3000.0,13201.02325,33170.95158744785,19969.92834
703,0,2,9917.156390108374,282.7425,,703,17,203.0,3000.0,13201.02326,13308.924251432736,107.9009914
704,1,2,9973.524318584157,282.8277,,704,14,201.0,3000.0,13201.02388,13299.612722189053,98.58884219
705,2,2,10037.199628415841,282.9128,,705,15,201.0,2000.0,13201.02507,13245.624180776318,44.59911078
706,0,2,10093.235543366336,282.998,,706,12,201.0,2000.0,13201.02516,13256.801776915421,55.77661692
707,1,2,10155.22329089109,283.0832,,707,16,242.39999999999998,3000.0,13260.99933,13273.044874554456,12.04554455
708,2,2,10218.784118316831,283.1683,,708,17,201.99999999999997,3000.0,13321.00568,13333.521521584158,12.51584158
709,0,2,10274.445590696518,283.1683,,709,15,202.0,2000.0,13381.00705,13394.275366831684,13.26831683
710,3,3,10253.962861358234,283.1683,,710,16,242.39999999999998,3000.0,13441.00928,13453.148883960397,12.13960396
711,1,2,10243.396905531212,283.1683,,711,17,201.99999999999997,3000.0,13501.0012,13513.046744554456,12.04554455
712,4,3,21945.250562311907,283.1683,,712,15,204.0,2000.0,13501.01886,32179.854387942636,18678.83553
713,5,3,10209.848433497536,283.1683,,713,17,201.0,3000.0,13501.0189,13524.630500650823,23.61160065
714,2,2,10227.654765083,283.1683,,714,13,243.6,3000.0,13501.01902,13542.114093891625,41.09507389
715,3,3,21694.753049874096,283.1683,,715,15,203.0,2000.0,13501.0191,13515.879256869728,14.86015687
716,0,2,10274.559452082656,283.2535,,716,16,242.39999999999998,3000.0,13561.0142,13572.495388118812,11.48118812
717,1,2,10348.675575940595,283.3387,,717,17,201.0,3000.0,13609.07413,24168.3382179602,10559.26409
718,2,2,10393.147723960397,283.4238,,718,16,242.39999999999998,3000.0,13620.99484,13640.188899405939,19.19405941
719,0,2,10458.129232475247,283.509,,719,17,201.99999999999997,3000.0,13681.01278,13692.776146336633,11.76336634
720,1,2,10512.858625742574,283.5942,,720,15,202.0,2000.0,13741.01167,13768.10671950495,27.0950495
721,2,2,10523.085226727795,283.5942,,721,16,242.39999999999998,3000.0,13801.0018,13814.824631881187,13.82283188
722,4,3,10516.056303383084,283.5942,,722,14,201.0,3000.0,13801.01653,13847.99652477612,46.97999478
723,0,2,22234.28969812994,283.5942,,723,17,201.0,3000.0,13801.03387,13856.5802739668,55.54640397
724,5,3,22229.74616168569,283.5942,,724,12,201.0,2000.0,13801.20548,14011.14793240399,209.9424524
725,3,3,10540.701623580127,283.5942,,725,15,203.0,2000.0,13801.20582,13937.383229631825,136.1774096
726,1,2,10580.20189940594,283.6793,,726,13,241.2,3000.0,13801.20591,24832.25657217535,11031.05066
727,2,2,10632.571977524753,283.6793,,727,14,203.0,3000.0,13801.20596,13968.085194726858,166.8792347
728,0,2,10701.984898118813,283.8497,,728,16,244.8,3000.0,13801.20629,27389.737017547563,13588.53073
729,1,2,10755.209730891089,283.9348,,729,17,201.99999999999997,3000.0,13861.0141,13872.777466336634,11.76336634
730,2,2,11603.194057920791,284.02,,730,15,202.0,2000.0,13921.00544,13937.74461577044,16.73917577
731,4,3,10984.09079511335,284.02,,731,16,242.39999999999998,3000.0,13981.00224,13992.765606336634,11.76336634
732,0,2,10975.863225148514,284.02,,732,12,202.0,2000.0,14041.00969,14053.80770980198,12.7980198
733,5,3,11034.59328267554,284.02,,733,13,242.39999999999998,3000.0,14101.00178,14117.750294851485,16.74851485
734,1,2,19833.237131966638,284.02,,734,17,201.0,3000.0,14101.02217,14136.469478386392,35.44730839
735,2,2,11018.804111848021,284.02,,735,15,203.0,2000.0,14101.0222,14117.220722167487,16.19852217
736,3,3,10921.346452985073,284.02,,736,14,201.0,3000.0,14101.02247,27457.332259514198,13356.30979
737,4,3,10932.973318656715,284.02,,737,12,203.0,2000.0,14101.02268,14153.602511600253,52.5798316
738,0,2,10847.470362216749,284.02,,738,17,201.99999999999997,3000.0,14161.0147,14173.248363366336,12.23366337
739,5,3,10867.22705,284.02,,739,15,202.0,2000.0,14220.99805,14233.137653960397,12.13960396
740,1,2,21172.678308437225,284.02,,740,16,242.39999999999998,3000.0,14281.00382,14300.950354653465,19.94653465
741,2,2,68573.75301059405,284.02,,741,17,201.99999999999997,3000.0,14341.01549,14361.71449990099,20.6990099
742,0,2,85533.95171766065,284.02,,742,15,202.0,2000.0,14401.00426,15202.247523267326,801.2432633
743,3,3,73729.43338898021,284.02,,743,14,203.0,3000.0,14401.03562,14468.232885123152,67.19726512
744,4,3,79356.19446507921,284.02,,744,16,241.2,3000.0,14401.03566,14420.324714726368,19.28905473
745,1,2,70624.53417290098,284.02,,745,17,204.00000000000003,3000.0,14401.03568,30407.84315153936,16006.80747
746,2,2,72954.88070755445,284.02,,746,12,203.0,2000.0,14401.03574,14428.735490788178,27.69975079
747,5,3,72882.80612960397,284.02,,747,13,242.39999999999998,3000.0,14401.03583,14448.250342273326,47.21451227
748,3,3,82750.6412579208,284.02,,748,15,201.0,2000.0,14401.03601,14484.184033283582,83.14802328
749,0,2,85128.68439092797,284.02,,749,16,241.2,3000.0,14401.03677,14500.159157661692,99.12238766
750,1,2,59622.56416329336,284.02,,750,14,200.0,3000.0,14401.15421,14415.979210000001,14.825
751,4,3,82206.50759455447,284.02,,751,12,203.0,2000.0,14401.15421,14468.726753004927,67.572543
752,5,3,46796.20727033197,284.02,,752,13,242.39999999999998,3000.0,14449.45122,75441.65022990099,60992.19901
753,2,2,74839.20811556438,284.02,,753,17,201.99999999999997,3000.0,14449.45269,70372.69658277227,55923.24389
754,0,2,44398.997352706276,284.02,,754,14,201.99999999999997,3000.0,14449.45288,59108.513145247525,44659.06027
755,3,3,80350.28482227723,284.02,,755,15,202.0,2000.0,14449.45315,61719.03968772277,47269.58654
756,4,3,43667.03832285306,284.02,,756,12,202.0,2000.0,14449.45357,82278.82844772277,67829.37488
757,1,2,10876.067185544554,284.214,,757,16,242.39999999999998,3000.0,14449.4545,73048.40261356435,58598.94811
758,2,2,10945.30101079208,284.214,,758,13,242.39999999999998,3000.0,14449.46005,82792.63537841584,68343.17533
759,0,2,10993.72346039604,284.602,,759,17,201.99999999999997,3000.0,14449.46152,88981.17723346535,74531.71571
760,5,3,11058.227771881187,284.796,,760,14,201.99999999999997,3000.0,14449.46267,78370.5215170297,63921.05885
761,3,3,11119.531393564357,284.796,,761,15,202.0,2000.0,14449.46296,88813.28119386139,74363.81823
762,1,2,11236.632438267285,284.99,,762,12,202.0,2000.0,14461.00659,14473.137495372874,12.13090537
763,4,3,11204.415733103448,284.99,,763,13,242.39999999999998,3000.0,14520.99356,14534.261876831684,13.26831683
764,2,2,21321.703184059115,284.99,,764,14,201.99999999999997,3000.0,14581.1338,14606.81795841584,25.68415842
765,0,2,22644.510286365232,284.99,,765,12,202.0,2000.0,14641.01106,14652.774426336635,11.76336634
766,1,2,11226.080714129354,284.99,,766,13,242.39999999999998,3000.0,14700.99625,14713.6061509901,12.60990099
767,5,3,11191.389068712871,285.184,,767,12,203.0,2000.0,14701.01461,14714.192357886652,13.17774789
768,3,3,11238.641284705882,285.378,,768,16,244.8,3000.0,14701.01485,19895.647980784313,5194.633131
769,2,2,11293.043394554456,285.378,,769,13,241.2,3000.0,14701.01535,14732.092748862338,31.07739886
770,0,2,11353.342572772277,285.766,,770,17,203.0,3000.0,14701.01541,14740.612946945812,39.59753695
771,4,3,11417.944073663366,285.96,,771,14,201.99999999999997,3000.0,14761.01993,14782.565474554456,21.54554455
772,5,3,11558.674671414114,285.96,,772,12,202.0,2000.0,14820.99531,14842.164616930693,21.16930693
773,3,3,11558.674671414114,285.96,,773,13,242.39999999999998,3000.0,14881.00196,14894.552455049505,13.55049505
775,2,2,24385.51972369915,285.96,,774,14,201.99999999999997,3000.0,14941.00133,14959.348854752474,18.34752475
774,1,2,24925.472898999124,285.96,,775,12,201.0,2000.0,15001.01241,15056.592981940297,55.58057194
776,4,3,19114.908255651742,285.96,,776,13,241.2,3000.0,15001.01537,15043.83201237476,42.81664237
777,5,3,19114.908255651742,285.96,,777,14,204.00000000000003,3000.0,15001.01549,26501.21939117647,11500.2039
778,0,2,11510.429276995073,285.96,,778,12,201.0,2000.0,15001.01549,27903.70890569506,12902.69342
779,1,2,11510.429276995073,285.96,,779,15,203.0,2000.0,15001.01574,15018.618203054188,17.60246305
780,3,3,11533.815994845632,285.96,,780,16,243.6,3000.0,15001.01586,15025.815247389162,24.79938739
781,4,3,11533.815994845632,285.96,,781,13,242.39999999999998,3000.0,15001.01722,15024.33552069307,23.31830069
782,2,2,11447.157295870647,285.96,,782,17,201.0,3000.0,15001.02864,15076.82428830184,75.7956483
783,0,2,11455.560280945274,285.96,,783,14,203.0,3000.0,15004.52859,15756.848836748768,752.3202467
784,1,2,11474.476845643563,286.154,,784,12,202.0,2000.0,15060.99662,15072.759986336634,11.76336634
785,2,2,11533.233663366336,286.348,,785,16,242.39999999999998,3000.0,15180.99248,15194.252473762375,13.25999376
786,5,3,11593.71678039604,286.542,,786,17,201.99999999999997,3000.0,15241.00517,15252.11012049505,11.10495049
787,3,3,11653.149253960397,286.736,,787,15,204.0,2000.0,15301.0105,26603.95328913082,11302.94279
788,4,3,11713.71046039604,286.93,,788,16,241.2,3000.0,15301.01051,26757.24682146913,11456.23631
789,0,2,11810.395391840795,286.93,,789,13,243.6,3000.0,15301.01101,15337.613473054187,36.60246305
790,5,3,11895.682186345413,286.93,,790,17,203.0,3000.0,15301.01113,15321.412098395356,20.4009684
791,1,2,11907.40031794917,286.93,,791,14,201.0,3000.0,15301.01127,15352.618448178566,51.60717818
792,2,2,17808.495613019608,286.93,,792,15,202.0,2000.0,15301.0178,15317.860374257425,16.84257426
793,3,3,17902.564972069653,286.93,,793,12,202.0,2000.0,15361.00344,15372.766806336635,11.76336634
794,4,3,11772.490068118812,287.124,,794,13,242.39999999999998,3000.0,15421.0171,15439.082446534652,18.06534653
795,5,3,11837.294027821783,287.318,,795,14,201.99999999999997,3000.0,15481.00237,15492.859795742574,11.85742574
796,3,3,11892.30041930693,287.512,,796,12,202.0,2000.0,15541.00606,15566.596159009901,25.59009901
797,4,3,11956.82253079208,287.706,,797,13,242.39999999999998,3000.0,15601.00793,15614.55089960396,13.5429696
798,5,3,12178.096914047212,287.9,,798,16,241.2,3000.0,15601.03716,15639.412569307158,38.37540931
799,0,2,12053.29555447761,287.9,,799,14,203.0,3000.0,15601.03718,15623.000620621906,21.96344062
800,3,3,12052.849283267327,287.9,,800,15,203.0,2000.0,15601.03773,15612.825504630542,11.78777463
801,1,2,12171.161226119402,287.9,,801,13,241.2,3000.0,15601.15486,15619.48830535097,18.33344535
802,4,3,12186.80105906404,287.9,,802,16,241.2,3000.0,15601.16048,15645.773975920398,44.61349592
803,2,2,24574.00231076383,287.9,,803,14,201.99999999999997,3000.0,15661.00262,15676.622421980197,15.61980198
804,5,3,22116.975017407083,287.9,,804,12,202.0,2000.0,15721.00134,15735.492429108912,14.49108911
805,3,3,12077.769681277277,287.9,,805,13,242.39999999999998,3000.0,15781.01207,15794.844743267327,13.83267327
806,0,2,12090.836122277227,288.094,,806,14,201.99999999999997,3000.0,15840.99336,15854.637914455447,13.64455446
807,4,3,12133.530411584157,288.288,,807,12,202.0,2000.0,15900.99969,15914.362066237625,13.36237624
808,5,3,12193.424821440278,288.482,,808,13,241.2,3000.0,15901.05142,30184.644517313434,14283.5931
809,3,3,12259.740162376238,288.676,,809,17,203.0,3000.0,15901.05175,15977.050458268266,75.99870827
810,4,3,12319.727235514314,288.87,,810,12,203.0,2000.0,15901.0521,15917.002460326295,15.95036033
811,5,3,12326.091275526021,288.87,,811,15,201.0,2000.0,15901.05224,15948.321394228857,47.26915423
812,1,2,24156.57891381621,288.87,,812,13,242.39999999999998,3000.0,15961.01386,15974.376236237624,13.36237624
813,2,2,24327.681488405033,288.87,,813,14,201.99999999999997,3000.0,16020.99402,16041.316792277228,20.32277228
814,0,2,12335.063083383086,288.87,,814,12,202.0,2000.0,16081.00174,16093.79975980198,12.7980198
815,3,3,12317.133176108373,288.87,,815,13,242.39999999999998,3000.0,16141.01092,16168.105969504952,27.0950495
816,4,3,12374.172617425742,288.87,,816,14,201.99999999999997,3000.0,16200.9967,16213.974351188119,12.97765119
817,12,6,12432.769006336634,289.213,,817,16,241.2,3000.0,16201.02744,16259.923459900498,58.8960199
818,13,6,12507.81064128713,289.213,,818,12,201.0,2000.0,16201.02886,16275.387218339385,74.35835834
819,14,6,12553.896099207921,288.671,,819,17,201.0,3000.0,16201.06196,34645.57758286216,18444.51562
820,12,6,12613.339852772277,288.4,,820,13,243.6,3000.0,16201.06218,16329.219624091595,128.1574441
821,15,7,12620.104924059406,288.4,,821,16,243.6,3000.0,16201.06234,16320.170960266298,119.1086203
822,13,6,23341.824279803925,288.4,,822,14,201.0,3000.0,16201.06235,16344.957320237922,143.8949702
823,14,6,23805.225545801688,288.4,,823,17,201.99999999999997,3000.0,16201.06258,16300.166034157923,99.10345416
824,16,7,12660.912421987612,288.4,,824,12,203.0,2000.0,16201.16247,16232.889705901574,31.7272359
825,17,7,12645.24739735707,288.4,,825,13,242.39999999999998,3000.0,16261.00925,16289.411970814632,28.40272081
826,15,7,12628.713588568502,288.4,,826,14,201.99999999999997,3000.0,16321.01315,16333.333485477733,12.32033548
827,12,6,12671.904009402986,288.4,,827,12,202.0,2000.0,16381.00777,16393.147373960397,12.13960396
828,13,6,12664.155773170287,288.4,,828,13,242.39999999999998,3000.0,16441.00585,16455.685057920793,14.67920792
829,16,7,12640.56580531727,288.4,,829,14,201.99999999999997,3000.0,16501.00292,16517.563316039603,16.56039604
830,17,7,12677.387957227724,288.129,,830,12,201.0,2000.0,16501.01582,16537.110579721193,36.09475972
831,15,7,12733.433252178218,287.858,,831,15,203.0,2000.0,16501.01593,16520.771102413793,19.75517241
832,16,7,12793.341052772277,287.587,,832,14,204.00000000000003,3000.0,16501.01616,27297.83752729295,10796.82137
833,17,7,12859.456624158416,287.316,,833,16,243.6,3000.0,16501.01664,16548.652875812808,47.63623581
834,15,7,12913.140923960396,287.045,,834,12,202.0,2000.0,16560.99886,16572.574107524753,11.57524752
835,16,7,12967.450778627945,287.045,,835,13,242.39999999999998,3000.0,16621.00173,16635.30470029703,14.3029703
836,17,7,12927.298559428376,287.045,,836,14,201.99999999999997,3000.0,16681.00338,16695.212290891086,14.20891089
837,14,6,24191.285864196663,287.045,,837,12,202.0,2000.0,16741.00579,16754.180047425743,13.17425743
838,12,6,21704.057127254902,287.045,,838,13,242.39999999999998,3000.0,16800.99642,16823.20038039604,22.2039604
839,15,7,12937.500529871726,287.045,,839,17,201.0,3000.0,16801.01182,16888.161728507464,87.14990851
840,16,7,12973.69335288537,287.045,,840,14,203.0,3000.0,16801.02018,16840.584616849243,39.56443685
841,17,7,13032.484968118812,286.503,,841,15,201.0,2000.0,16801.02074,16811.613277313434,10.59253731
842,15,7,13099.925141188118,286.232,,842,13,244.8,3000.0,16801.02079,28856.68195334504,12055.66116
843,16,7,13152.397148712871,285.961,,843,16,243.6,3000.0,16801.02084,16824.593572879938,23.57273288
844,17,7,13213.151543960397,285.69,,844,17,201.0,3000.0,16801.02807,16845.718942437812,44.69087244
845,15,7,13289.924251432736,285.69,,845,15,204.0,2000.0,16827.72106,19591.437222549022,2763.716163
846,16,7,23648.432945820896,285.69,,846,14,204.00000000000003,3000.0,16828.22108,19576.821191159088,2748.600111
847,17,7,13308.924251432736,285.69,,847,16,244.8,3000.0,16828.22143,19558.003283464695,2729.781853
848,13,6,23578.159632941173,285.69,,848,12,204.0,2000.0,16828.22254,19571.79177939438,2743.569239
849,14,6,13299.612722189053,285.69,,849,17,204.00000000000003,3000.0,16828.22307,19527.26704591527,2699.043976
850,15,7,13245.624180776318,285.69,,850,13,244.8,3000.0,16828.22369,19574.865308806147,2746.641619
851,12,6,13256.801776915421,285.69,,851,15,204.0,2000.0,16828.23079,18703.628515490203,1875.397725
852,16,7,13273.044874554456,285.69,,852,14,204.00000000000003,3000.0,16828.23651,18685.927690784316,1857.691181
853,17,7,13333.521521584158,285.148,,853,16,244.8,3000.0,16828.24467,18692.35400568628,1864.109336
854,15,7,13394.275366831684,284.877,,854,12,204.0,2000.0,16828.2538,18689.937494705886,1861.683695
855,16,7,13453.148883960397,284.606,,855,13,242.39999999999998,3000.0,16861.01454,16874.188797425744,13.17425743
856,17,7,13513.046744554456,284.335,,856,17,201.99999999999997,3000.0,16921.00955,16933.431332178217,12.42178218
857,15,7,32179.854387942636,284.335,,857,15,202.0,2000.0,16981.01387,16993.059414554453,12.04554455
858,16,7,33170.95158744785,284.335,,858,16,242.39999999999998,3000.0,17040.99494,17052.758306336633,11.76336634
859,17,7,13524.630500650823,284.335,,859,17,201.99999999999997,3000.0,17101.00845,17112.959935148516,11.95148515
860,13,6,13542.114093891625,284.335,,860,14,203.0,3000.0,17101.02226,17147.81745128079,46.79519128
861,15,7,13515.879256869728,284.335,,861,15,204.0,2000.0,17101.02276,38308.912764375185,21207.89
862,16,7,13572.495388118812,284.064,,862,12,203.0,2000.0,17101.02287,17114.22631827586,13.20344828
863,17,7,20389.105972736317,284.064,,863,16,241.2,3000.0,17101.02289,17123.124114252994,22.10122425
864,15,7,22198.903936862745,284.064,,864,13,241.2,3000.0,17101.0231,28187.467377872403,11086.44428
865,16,7,13640.188899405939,284.064,,865,17,201.99999999999997,3000.0,17161.01331,17172.870735742574,11.85742574
866,17,7,13692.776146336633,283.522,,866,15,202.0,2000.0,17221.01671,17239.270175346534,18.25346535
867,15,7,13768.10671950495,283.251,,867,16,242.39999999999998,3000.0,17281.0138,17293.059344554455,12.04554455
868,16,7,13814.824631881187,282.98,,868,17,201.99999999999997,3000.0,17341.00173,17368.943314158416,27.94158416
869,14,6,13847.99652477612,282.98,,869,15,202.0,2000.0,17401.00258,17413.322452191027,12.31987219
870,17,7,13856.5802739668,282.98,,870,14,201.0,3000.0,17401.02271,17449.22765310394,48.2049431
871,12,6,14011.14793240399,282.98,,871,16,241.2,3000.0,17401.02293,17411.426412587065,10.40348259
872,15,7,13937.383229631825,282.98,,872,12,201.0,2000.0,17401.02307,28068.900213693298,10667.87714
873,13,6,24352.43593069585,282.98,,873,17,203.0,3000.0,17401.02311,17421.498253803835,20.4751438
874,14,6,13968.085194726858,282.98,,874,14,203.0,3000.0,17401.0232,17437.524123300493,36.5009233
875,16,7,24485.684403529416,282.98,,875,15,201.0,2000.0,17401.02353,17457.99868880597,56.97515881
876,17,7,13872.777466336634,282.709,,876,16,243.6,3000.0,17421.77066,18406.3064529122,984.5357929
877,15,7,13937.74461577044,282.438,,877,17,204.00000000000003,3000.0,17423.44645,18446.780476274515,1023.334026
878,16,7,13992.765606336634,282.167,,878,15,204.0,2000.0,17423.46479,18441.844255938653,1018.379466
879,12,6,14053.80770980198,281.896,,879,13,244.8,3000.0,17423.4655,18439.42196236783,1015.956462
880,13,6,14117.750294851485,281.625,,880,16,244.8,3000.0,17423.4664,18437.653079468066,1014.186679
881,17,7,14136.469478386392,281.625,,881,12,204.0,2000.0,17423.47188,17967.84458333333,544.3727033
882,15,7,14117.220722167487,281.625,,882,17,204.00000000000003,3000.0,17423.47271,18414.095668598475,990.6229586
883,14,6,27457.332259514198,281.625,,883,14,204.00000000000003,3000.0,17423.47424,17967.95458333333,544.4803433
884,12,6,14153.602511600253,281.625,,884,15,204.0,2000.0,17429.23255,17465.552610374594,36.32006037
885,16,7,27389.737017547563,281.625,,885,13,244.8,3000.0,17429.23431,17498.06007551932,68.82576552
886,17,7,14173.248363366336,281.354,,886,16,244.8,3000.0,17429.23449,17498.336924100084,69.1024341
887,15,7,14233.137653960397,281.354,,887,12,202.0,2000.0,17460.999,17479.628702970298,18.62970297
888,16,7,14300.950354653465,280.812,,888,13,242.39999999999998,3000.0,17521.01178,17541.804849306933,20.79306931
889,17,7,14361.71449990099,280.541,,889,14,201.99999999999997,3000.0,17581.0038,17593.89587920792,12.89207921
890,15,7,15202.247523267326,280.27,,890,12,202.0,2000.0,17641.01125,17653.150853960396,12.13960396
891,13,6,24832.25657217535,280.27,,891,13,242.39999999999998,3000.0,17701.00297,17718.118312178216,17.11534218
892,14,6,14468.232885123152,280.27,,892,16,243.6,3000.0,17701.28283,17811.066427587924,109.7835976
893,16,7,14420.324714726368,280.27,,893,14,203.0,3000.0,17701.29653,17832.981475270935,131.6849453
894,17,7,21247.59270745098,280.27,,894,17,201.0,3000.0,17702.70429,17723.41125517413,20.70696517
895,12,6,14428.735490788178,280.27,,895,12,202.0,2000.0,17761.0097,17773.431482178217,12.42178218
896,13,6,14448.250342273326,280.27,,896,15,202.0,2000.0,17821.00606,17833.71002039604,12.7039604
897,15,7,14484.184033283582,280.27,,897,12,202.0,2000.0,17881.01352,17892.40064871287,11.38712871
898,16,7,14500.159157661692,280.27,,898,13,242.39999999999998,3000.0,17941.00644,17953.992578613863,12.98613861
899,14,6,14415.979210000001,280.27,,899,14,201.99999999999997,3000.0,18001.00875,18835.68996995341,834.68122
900,12,6,14468.726753004927,280.27,,900,13,243.6,3000.0,18001.0188,18050.706529850282,49.68772985
901,13,6,75396.55632841584,280.27,,901,14,204.00000000000003,3000.0,18001.0189,28706.85352197249,10705.83462
902,17,7,64817.695458712864,280.27,,902,16,243.6,3000.0,18001.019,18062.697868487394,61.67886849
903,14,6,50158.910625148514,280.27,,903,12,202.0,2000.0,18001.01916,18025.929574950493,24.91041495
904,15,7,50300.56171532831,280.27,,904,17,201.0,3000.0,18001.0194,18017.273343830846,16.25394383
905,12,6,82278.82844772277,280.27,,905,13,241.2,3000.0,18001.04081,18092.793880441986,91.75307044
906,16,7,73048.40261356435,280.27,,906,15,201.0,2000.0,18001.04172,18121.111939999995,120.07022
907,13,6,75441.65022990099,280.27,,907,14,203.0,3000.0,18001.18018,18032.624156231283,31.44397623
908,14,6,59108.513145247525,280.27,,908,16,240.0,3000.0,18001.18105,18049.06038745098,47.87933745
909,12,6,74752.8929620792,280.27,,909,12,203.0,2000.0,18006.08346,18079.742716464796,73.65925646
910,13,6,72692.23949673267,280.27,,910,17,204.00000000000003,3000.0,18014.92011,18062.159297058824,47.23918706
911,17,7,70372.69658277227,280.27,,911,13,244.8,3000.0,18014.92115,18090.573950679034,75.65280068
912,15,7,61719.03968772277,280.27,,912,15,204.0,2000.0,18014.92196,18101.46335254902,86.54139255
913,16,7,69419.72628574257,280.27,,913,14,204.00000000000003,3000.0,18014.92202,18091.505323228055,76.58330323
914,17,7,81778.56503633663,280.27,,914,16,244.8,3000.0,18014.92319,18096.806489803923,81.8832998
915,14,6,61485.99829376238,280.27,,915,12,204.0,2000.0,18014.92331,18065.61463764706,50.69132765
916,15,7,83237.05018485148,280.27,,916,17,204.00000000000003,3000.0,18014.92578,18088.04590770308,73.1201277
917,12,6,14473.137495372874,280.5042,,917,13,244.8,3000.0,18014.93196,18055.71045862745,40.77849863
918,13,6,14534.261876831684,280.5042,,918,15,204.0,2000.0,18014.93198,18078.825319467785,63.89333947
919,14,6,14606.81795841584,280.9725,,919,14,204.00000000000003,3000.0,18014.93217,18057.293791960783,42.36162196
920,12,6,14652.774426336635,281.2067,,920,16,244.8,3000.0,18015.37903,18039.80038745098,24.42135745
921,13,6,14713.6061509901,281.2067,,921,12,204.0,2000.0,18015.38007,18020.043795490194,4.66372549
922,14,6,25247.36796522388,281.4408,,922,12,202.0,2000.0,18054.54035,91342.64762940595,73288.10728
923,12,6,14714.192357886652,281.4408,,923,16,242.39999999999998,3000.0,18054.54165,92953.79604534653,74899.2544
924,16,7,19895.647980784313,281.4408,,924,13,242.39999999999998,3000.0,18054.54221,64643.419783366335,46588.87757
925,13,6,14732.092748862338,281.4408,,925,17,201.99999999999997,3000.0,18054.54258,89799.79604534653,71745.25347
926,17,7,14740.612946945812,281.4408,,926,14,201.99999999999997,3000.0,18054.54291,91942.652579901,73888.10967
927,14,6,14782.565474554456,281.675,,927,15,202.0,2000.0,18054.54348,63770.51106524752,45715.96759
928,12,6,14842.164616930693,281.675,,928,12,202.0,2000.0,18054.54523,100207.71427554455,82153.16905
929,13,6,14894.552455049505,282.1433,,929,13,242.39999999999998,3000.0,18061.07052,18121.35823687763,60.28771688
930,14,6,14959.348854752474,282.3775,,930,15,202.0,2000.0,18121.00194,18144.0426330693,23.04069307
931,12,6,15056.592981940297,282.6117,,931,16,242.39999999999998,3000.0,18181.00937,18198.12563486119,17.11626486
932,13,6,15043.83201237476,282.6117,,932,17,201.99999999999997,3000.0,18241.00005,18259.065396534654,18.06534653
933,14,6,25970.818078627453,282.6117,,933,15,201.0,2000.0,18301.02376,37700.02060751244,19398.99685
934,12,6,25271.63299475602,282.6117,,934,14,203.0,3000.0,18301.0238,18321.714933004925,20.691133
935,15,7,15018.618203054188,282.6117,,935,16,243.6,3000.0,18301.02381,18349.41015474955,48.38634475
936,16,7,15025.815247389162,282.6117,,936,12,201.0,2000.0,18301.02395,18361.520460199008,60.4965102
937,13,6,15024.33552069307,282.6117,,937,15,202.0,2000.0,18301.03261,18319.474194158414,18.44158416
938,17,7,15076.82428830184,282.6117,,938,16,242.39999999999998,3000.0,18361.00347,18381.60842049505,20.60495049
939,14,6,15756.848836748768,282.6117,,939,17,201.99999999999997,3000.0,18421.01134,18432.764174713648,11.75283471
940,12,6,15072.759986336634,282.6117,,940,15,202.0,2000.0,18481.00564,18493.70960039604,12.7039604
941,15,7,15142.31493980198,283.08,,941,16,242.39999999999998,3000.0,18541.01589,18558.799058316832,17.78316832
942,16,7,15194.252473762375,283.08,,942,17,201.99999999999997,3000.0,18601.00881,18615.960084007682,14.95127401
943,17,7,15252.11012049505,283.5483,,943,15,201.0,2000.0,18601.02426,18643.541899807613,42.51763981
944,15,7,25776.057342549022,283.7825,,944,16,241.2,3000.0,18601.02546,18612.915529552236,11.89006955
945,16,7,23536.403095074627,283.7825,,945,17,204.00000000000003,3000.0,18601.02558,35021.006147254906,16419.98057
946,13,6,15337.613473054187,283.7825,,946,13,243.6,3000.0,18601.02573,18642.027207832514,41.00147783
947,17,7,15321.412098395356,283.7825,,947,15,203.0,2000.0,18601.02595,18633.201463318026,32.17551332
948,14,6,15352.618448178566,283.7825,,948,14,201.0,3000.0,18601.04085,18654.335665543957,53.29481554
949,15,7,15317.860374257425,283.7825,,949,17,203.0,3000.0,18609.33344,19344.244865418717,734.9114254
950,12,6,15372.766806336635,284.0167,,950,15,202.0,2000.0,18661.00029,18673.233953366336,12.23366337
951,13,6,15439.082446534652,284.2508,,951,16,242.39999999999998,3000.0,18721.01282,18732.776186336632,11.76336634
952,14,6,15492.859795742574,284.485,,952,17,201.99999999999997,3000.0,18781.01293,18798.04362306931,17.03069307
953,12,6,15566.596159009901,284.7192,,953,15,202.0,2000.0,18841.01112,18852.680426930692,11.66930693
954,13,6,15614.55089960396,284.9533,,954,16,242.39999999999998,3000.0,18901.00283,18917.364511349555,16.36168135
955,16,7,15639.412569307158,284.9533,,955,12,201.0,2000.0,18901.02519,33058.09680459467,14157.07161
957,12,6,24749.366024911666,284.9533,,956,17,203.0,3000.0,18901.0254,18912.82490738916,11.79950739
956,14,6,15623.000620621906,284.9533,,957,13,243.6,3000.0,18901.02546,18930.32743044335,29.30197044
958,17,7,24168.3382179602,284.9533,,958,15,201.0,2000.0,18901.02558,18945.61824269284,44.59266269
959,15,7,15612.825504630542,284.9533,,959,16,242.39999999999998,3000.0,18961.00983,18972.30289930693,11.29306931
960,13,6,15619.48830535097,284.9533,,960,17,201.99999999999997,3000.0,19021.00683,19037.473166633663,16.46633663
961,16,7,15645.773975920398,284.9533,,961,15,202.0,2000.0,19080.99856,19093.138163960397,12.13960396
962,14,6,15676.622421980197,285.1875,,962,16,242.39999999999998,3000.0,19140.99167,19156.98770960396,15.9960396
963,12,6,15735.492429108912,285.4217,,963,17,201.99999999999997,3000.0,19201.00018,19213.70414039604,12.7039604
964,13,6,15794.844743267327,285.6558,,964,15,201.0,2000.0,19201.0247,19257.335650099503,56.3109501
965,14,6,15854.637914455447,285.6558,,965,12,203.0,2000.0,19201.02479,19236.21394995074,35.18915995
966,12,6,15914.362066237625,285.89,,966,16,241.2,3000.0,19201.02502,35394.667373681594,16193.64235
967,13,6,26602.72187873866,286.1242,,967,13,243.6,3000.0,19201.02528,19218.7213391133,17.69605911
968,17,7,15977.050458268266,286.1242,,968,15,201.0,2000.0,19201.03167,19252.51508566967,51.48341567
969,14,6,26501.21939117647,286.1242,,969,14,201.0,3000.0,19201.03321,19262.273651443276,61.24044144
970,12,6,15917.002460326295,286.1242,,970,16,242.39999999999998,3000.0,19261.00944,19274.371816237624,13.36237624
971,15,7,15948.321394228857,286.1242,,971,17,201.99999999999997,3000.0,19321.00692,19355.33397432961,34.32705433
972,13,6,15974.376236237624,286.3583,,972,15,202.0,2000.0,19381.01235,19394.939082673267,13.92673267
973,14,6,16041.316792277228,286.3583,,973,16,242.39999999999998,3000.0,19441.01685,19452.49803811881,11.48118812
974,12,6,16093.79975980198,286.8267,,974,17,201.99999999999997,3000.0,19501.00842,19512.959905148513,11.95148515
975,13,6,16168.105969504952,287.0608,,975,15,201.0,2000.0,19501.01348,19515.845477287818,14.83199729
976,14,6,16213.974351188119,287.0608,,976,12,203.0,2000.0,19501.01365,19551.085897041437,50.07224704
977,16,7,16259.923459900498,287.295,,977,17,203.0,3000.0,19501.01402,19537.50818542548,36.49416543
978,12,6,16275.387218339385,287.295,,978,13,244.8,3000.0,19501.01435,33170.94974577114,13669.9354
979,17,7,26142.649367562193,287.295,,979,15,202.0,2000.0,19561.00585,19578.506840099013,17.5009901
980,13,6,16329.219624091595,287.295,,980,16,242.39999999999998,3000.0,19621.0015,19633.517341584156,12.51584158
981,15,7,26603.95328913082,287.295,,981,17,201.99999999999997,3000.0,19681.01884,19699.93072118812,18.91188119
982,16,7,16320.170960266298,287.295,,982,15,202.0,2000.0,19740.99602,19760.754435841583,19.75841584
983,14,6,16344.957320237922,287.295,,983,16,242.39999999999998,3000.0,19801.01834,19813.526197128715,12.50785713
984,17,7,16300.166034157923,287.295,,984,17,201.0,3000.0,19801.03398,19859.43441120715,58.40043121
985,12,6,16232.889705901574,287.295,,985,15,201.0,2000.0,19801.03483,19868.885223781093,67.85039378
986,13,6,16289.411970814632,287.5292,,986,14,204.00000000000003,3000.0,19801.04651,31204.20933020193,11403.16282
987,14,6,16333.333485477733,287.7633,,987,16,242.39999999999998,3000.0,19801.04676,19823.026451008143,21.97969101
988,12,6,16393.147373960397,287.9975,,988,17,201.0,3000.0,19801.04688,31356.79249154229,11555.74561
989,13,6,16455.685057920793,288.2317,,989,12,203.0,2000.0,19801.04703,19814.250478275862,13.20344828
990,14,6,16517.563316039603,288.4658,,990,15,203.0,2000.0,19801.06211,19878.980846224298,77.91873622
991,12,6,16537.110579721193,288.4658,,991,13,241.2,3000.0,19801.06258,19848.877343947504,47.81476395
992,15,7,16520.771102413793,288.4658,,992,16,243.6,3000.0,19801.15491,19815.189817344777,14.03490734
993,13,6,30184.644517313434,288.4658,,993,17,203.0,3000.0,19843.83305,19893.43404819474,49.60099819
994,14,6,27297.83752729295,288.4658,,994,14,201.99999999999997,3000.0,19861.00547,19873.521311584158,12.51584158
995,16,7,16548.652875812808,288.4658,,995,15,202.0,2000.0,19921.02417,19934.856843267327,13.83267327
996,12,6,16572.574107524753,288.4658,,996,16,242.39999999999998,3000.0,19981.00434,19992.10929049505,11.10495049
997,13,6,16635.30470029703,288.9342,,997,17,201.99999999999997,3000.0,20041.00504,20052.862465742575,11.85742574
998,14,6,16695.212290891086,289.1683,,998,15,202.0,2000.0,20100.99652,20113.70048039604,12.7039604
999,12,6,16754.180047425743,289.4025,,999,16,241.2,3000.0,20101.02572,31347.76264079602,11246.73692
1000,13,6,16823.20038039604,289.4025,,1000,17,204.00000000000003,3000.0,20101.02597,25644.148553368457,5543.122583
1001,17,7,16888.161728507464,289.6367,,1001,15,203.0,2000.0,20101.02605,20234.740760352634,133.7147104
1002,14,6,16840.584616849243,289.6367,,1002,16,241.2,3000.0,20101.02613,20200.531326167184,99.50519617
1003,15,7,16811.613277313434,289.6367,,1003,12,203.0,2000.0,20101.02621,20208.668081921183,107.6418719
1004,12,6,27903.70890569506,289.6367,,1004,17,201.99999999999997,3000.0,20161.02413,20176.267694356437,15.24356436
1005,13,6,28856.68195334504,289.6367,,1005,15,202.0,2000.0,20221.00817,20233.52401158416,12.51584158
1006,16,7,16824.593572879938,289.6367,,1006,16,242.39999999999998,3000.0,20281.00823,20298.97951712871,17.97128713
1007,17,7,16845.718942437812,289.6367,,1007,17,201.99999999999997,3000.0,20341.01156,20353.99769861386,12.98613861
1008,15,7,19591.437222549022,289.6367,,1008,15,202.0,2000.0,20400.99913,20428.650807593523,27.65167759
1009,14,6,19546.701660588235,289.6367,,1009,16,243.6,3000.0,20401.03042,20450.695142568893,49.66472257
1010,16,7,19558.003283464695,289.6367,,1010,15,203.0,2000.0,20401.03103,20417.135956108374,16.10492611
1011,12,6,19571.79177939438,289.6367,,1011,13,241.2,3000.0,20401.03116,20424.56811039801,23.5369504
1012,17,7,19527.26704591527,289.6367,,1012,12,201.0,2000.0,20401.03218,20459.633647562187,58.60146756
1013,13,6,19574.865308806147,289.6367,,1013,16,241.2,3000.0,20401.03359,20481.81822039801,80.7846304
1014,15,7,19526.953320425073,289.6367,,1014,13,243.6,3000.0,20416.75219,20468.78840625787,52.03621626
1015,16,7,19526.26704591527,289.6367,,1015,17,201.99999999999997,3000.0,20461.0023,20479.161705940594,18.15940594
1016,17,7,19525.89449689566,289.6367,,1016,15,202.0,2000.0,20521.00467,20532.862095742574,11.85742574
1017,15,7,18703.628515490203,289.6367,,1017,16,242.39999999999998,3000.0,20581.00359,20602.172896930693,21.16930693
1018,14,6,19576.821191159088,289.6367,,1018,17,201.99999999999997,3000.0,20641.0008,20653.892879207924,12.89207921
1019,12,6,19559.811387237518,289.6367,,1019,15,202.0,2000.0,20701.00812,20712.573017128714,11.56489713
1020,13,6,19559.43883821791,289.6367,,1020,16,244.8,3000.0,20701.20173,34773.02856325432,14071.82683
1021,14,6,18685.927690784316,289.6367,,1021,14,201.0,3000.0,20701.21399,20939.608234662803,238.3942447
1022,16,7,18692.35400568628,289.6367,,1022,17,203.0,3000.0,20701.21402,20875.942300591134,174.7282806
1023,12,6,18689.937494705886,289.6367,,1023,12,203.0,2000.0,20701.21421,20893.466919359606,192.2527094
1024,13,6,16874.188797425744,289.8708,,1024,16,242.39999999999998,3000.0,20760.99929,20778.40622069307,17.40693069
1025,17,7,16933.431332178217,290.105,,1025,17,201.99999999999997,3000.0,20821.00634,20833.898419207922,12.89207921
1026,15,7,16993.059414554453,290.3392,,1026,15,202.0,2000.0,20881.00757,20908.761035346535,27.75346535
1027,16,7,17052.758306336633,290.3392,,1027,16,242.39999999999998,3000.0,20941.00538,20953.333102772274,12.32772277
1028,17,7,17112.959935148516,290.8075,,1028,17,201.99999999999997,3000.0,21001.01216,21013.339882772274,12.32772277
1029,14,6,17147.81745128079,290.8075,,1029,13,241.2,3000.0,21001.01583,21023.235232985076,22.21940298
1030,15,7,33849.52146525899,290.8075,,1030,15,201.0,2000.0,21001.01587,32534.102231287477,11533.08636
1031,12,6,17114.22631827586,290.8075,,1031,14,203.0,3000.0,21001.01634,21040.417498994928,39.40115899
1032,16,7,17123.124114252994,290.8075,,1032,16,243.6,3000.0,21001.01642,21014.113281787053,13.09686179
1033,13,6,28187.467377872403,290.8075,,1033,12,204.0,2000.0,21001.01645,32091.42501647644,11090.40857
1034,17,7,17172.870735742574,291.0417,,1034,17,201.0,3000.0,21001.02843,21044.113281787053,43.08485179
1035,15,7,17239.270175346534,291.2758,,1035,15,201.0,2000.0,21001.02865,21055.456565369142,54.42791537
1036,16,7,17293.059344554455,291.51,,1036,16,242.39999999999998,3000.0,21060.99879,21076.893722649624,15.89493265
1037,17,7,17368.943314158416,291.7442,,1037,17,201.99999999999997,3000.0,21121.0806,21134.631095049506,13.55049505
1038,15,7,17413.322452191027,291.9783,,1038,15,202.0,2000.0,21181.02408,21192.78744633663,11.76336634
1039,14,6,17449.22765310394,291.9783,,1039,16,242.39999999999998,3000.0,21241.00599,21253.419440124246,12.41345012
1040,16,7,17411.426412587065,291.9783,,1040,17,201.99999999999997,3000.0,21301.01784,21313.627740990098,12.60990099
1042,13,6,27977.620670400942,291.9783,,1041,15,204.0,2000.0,21301.02266,32615.97968226787,11314.95702
1041,12,6,27537.491463494298,291.9783,,1042,13,243.6,3000.0,21301.02275,21445.906239167438,144.8834892
1043,17,7,17421.498253803835,291.9783,,1043,16,241.2,3000.0,21301.02287,21431.08368785675,130.0608179
1044,14,6,17437.524123300493,291.9783,,1044,17,203.0,3000.0,21301.02287,21429.805080891576,128.7822109
1045,15,7,17457.99868880597,291.9783,,1045,14,201.99999999999997,3000.0,21361.00515,21372.20415990099,11.1990099
1046,16,7,18406.3064529122,291.9783,,1046,12,202.0,2000.0,21421.01555,21433.625450990097,12.60990099
1047,17,7,18428.95251647059,291.9783,,1047,16,242.39999999999998,3000.0,21481.01981,21492.406938712873,11.38712871
1048,15,7,18443.246216722968,291.9783,,1048,17,201.99999999999997,3000.0,21541.01103,21553.6209309901,12.60990099
1049,16,7,18423.491732156865,291.9783,,1049,15,202.0,2000.0,21601.00846,23936.360869419106,2335.352409
1050,17,7,18446.780476274515,291.9783,,1050,13,241.2,3000.0,21601.02228,27064.322261173544,5463.299981
1051,15,7,18441.844255938653,291.9783,,1051,14,203.0,3000.0,21601.02239,21639.01759034483,37.99520034
1052,12,6,18451.996872549018,291.9783,,1052,16,242.39999999999998,3000.0,21601.02241,21674.46496539469,73.44255539
1053,13,6,18439.42196236783,291.9783,,1053,17,201.0,3000.0,21601.02265,21630.498147412938,29.47549741
1054,16,7,18437.653079468066,291.9783,,1054,12,203.0,2000.0,21601.0229,21614.214634679804,13.19173468
1055,14,6,18439.142550603123,291.9783,,1055,16,241.2,3000.0,21601.0237,21697.32907469632,96.3053747
1056,12,6,17967.84458333333,291.9783,,1056,13,241.2,3000.0,21601.02423,21716.24618198127,115.221952
1057,17,7,18414.095668598475,291.9783,,1057,17,203.0,3000.0,21601.13694,21648.96001489964,47.8230749
1058,13,6,18434.975883936455,291.9783,,1058,14,200.0,3000.0,21601.18324,21676.042389999995,74.85915
1059,14,6,17967.95458333333,291.9783,,1059,13,242.39999999999998,3000.0,21608.63925,70753.9523680198,49145.31312
1060,15,7,18439.46680495826,291.9783,,1060,16,242.39999999999998,3000.0,21608.65866,87601.57988782178,65992.92123
1061,16,7,18435.92758927199,291.9783,,1061,14,201.99999999999997,3000.0,21608.66692,64210.96043980198,42602.29352
1062,17,7,18382.666058823528,291.9783,,1062,17,201.99999999999997,3000.0,21608.67694,51620.09141829861,30011.41448
1063,15,7,17465.552610374594,291.9783,,1063,12,202.0,2000.0,21608.68612,107912.65478475248,86303.96866
1064,12,6,17500.314977480102,291.9783,,1064,15,202.0,2000.0,21608.69761,108178.01102039605,86569.31341
1065,13,6,17498.06007551932,291.9783,,1065,13,242.39999999999998,3000.0,21609.80034,106054.29339861387,84444.49306
1066,16,7,17498.336924100084,291.9783,,1066,16,242.39999999999998,3000.0,21609.80706,108077.89220851487,86468.08515
1067,14,6,17502.1767572549,291.9783,,1067,14,201.99999999999997,3000.0,21609.80726,103505.95189930694,81896.14464
1068,12,6,17479.628702970298,291.9783,,1068,17,201.99999999999997,3000.0,21609.80793,107464.68428772279,85854.87636
1069,13,6,17541.804849306933,292.4467,,1069,12,202.0,2000.0,21609.80796,107812.74389366337,86202.93593
1070,14,6,17593.89587920792,292.6808,,1070,15,202.0,2000.0,21609.80833,109920.85755504952,88311.04923
1071,12,6,17653.150853960396,292.915,,1071,13,242.39999999999998,3000.0,21609.81008,108593.01617089109,86983.20609
1072,13,6,17718.118312178216,293.1492,,1072,17,201.99999999999997,3000.0,21660.9999,21674.174157425743,13.17425743
1073,17,7,34645.57758286216,293.1492,,1073,16,242.39999999999998,3000.0,21781.00498,21792.768346336634,11.76336634
1074,15,7,38308.912764375185,293.1492,,1074,17,201.99999999999997,3000.0,21841.01649,21857.294707821784,16.27821782
1075,16,7,17811.066427587924,293.1492,,1075,15,202.0,2000.0,21901.00239,21913.51823158416,12.51584158
1076,14,6,17832.981475270935,293.1492,,1076,14,201.0,3000.0,21901.02597,21920.315024726366,19.28905473
1077,17,7,17723.41125517413,293.1492,,1077,16,243.6,3000.0,21901.0261,21938.998589659586,37.97248966
1078,12,6,17773.431482178217,293.3833,,1078,14,203.0,3000.0,21901.02683,21928.728817829815,27.70198783
1079,13,6,22403.354936997366,293.3833,,1079,17,201.99999999999997,3000.0,21961.015,21978.70410891089,17.68910891
1080,14,6,22335.81287370793,293.3833,,1080,15,202.0,2000.0,22021.01178,22038.70088891089,17.68910891
1081,15,7,17833.71002039604,293.6175,,1081,16,242.39999999999998,3000.0,22081.00772,22101.23643287129,20.22871287
1082,12,6,17892.40064871287,293.8517,,1082,17,201.99999999999997,3000.0,22141.02167,22158.71077891089,17.68910891
1083,13,6,17953.992578613863,294.0858,,1083,15,202.0,2000.0,22201.00312,22214.74173386139,13.73861386
1084,14,6,18835.68996995341,294.32,,1084,12,201.0,2000.0,22201.01929,22240.342285472638,39.32299547
1085,12,6,28068.900213693298,294.32,,1085,16,241.2,3000.0,22201.0198,22261.59053235546,60.57073236
1086,13,6,18050.706529850282,294.32,,1086,13,241.2,3000.0,22201.02338,22215.869648656717,14.84626866
1087,14,6,27578.25616937665,294.32,,1087,17,201.0,3000.0,22201.02346,33678.22734761194,11477.20389
1088,16,7,18062.697868487394,294.32,,1088,14,204.00000000000003,3000.0,22201.02368,35935.49625680943,13734.47258
1089,12,6,18025.929574950493,294.32,,1089,15,203.0,2000.0,22201.0238,22224.401832383555,23.37803238
1090,17,7,18017.273343830846,294.32,,1090,16,243.6,3000.0,22201.0239,22233.1040955665,32.08019557
1091,13,6,18092.793880441986,294.32,,1091,17,201.99999999999997,3000.0,22261.00458,22281.2241957218,20.21961572
1092,15,7,18121.111939999995,294.32,,1092,15,202.0,2000.0,22321.04575,22339.487334158417,18.44158416
1093,14,6,18032.624156231283,294.32,,1093,16,242.39999999999998,3000.0,22380.99882,22398.781988316834,17.78316832
1094,16,7,18049.06038745098,294.32,,1094,17,201.99999999999997,3000.0,22441.00011,22453.139713960398,12.13960396
1095,12,6,18079.742716464796,294.32,,1095,15,202.0,2000.0,22500.99739,22514.171647425745,13.17425743
1096,17,7,18021.057657556335,294.32,,1096,16,241.2,3000.0,22501.04953,22523.20647329639,22.1569433
1097,13,6,18090.573950679034,294.32,,1097,12,201.0,2000.0,22501.04977,34221.49203432836,11720.44226
1098,15,7,18025.34177509804,294.32,,1098,17,203.0,3000.0,22501.04982,22541.895480052695,40.84566005
1099,14,6,18091.505323228055,294.32,,1099,13,243.6,3000.0,22501.04993,22514.253378275862,13.20344828
1100,16,7,18027.949618235296,294.32,,1100,15,204.0,2000.0,22501.05002,33234.78492078119,10733.7349
1101,12,6,18041.179436254224,294.32,,1101,16,242.39999999999998,3000.0,22561.00866,22573.336382772275,12.32772277
1102,17,7,18062.159297058824,294.32,,1102,17,201.99999999999997,3000.0,22621.00658,22633.52242158416,12.51584158
1103,15,7,18101.46335254902,294.32,,1103,15,202.0,2000.0,22681.00869,22693.524531584157,12.51584158
1104,16,7,18096.806489803923,294.32,,1104,16,242.39999999999998,3000.0,22741.00159,22759.91347118812,18.91188119
1105,17,7,18088.04590770308,294.32,,1105,17,201.99999999999997,3000.0,22801.00838,22813.336102772275,12.32772277
1106,13,6,18088.372970286877,294.32,,1106,14,201.0,3000.0,22801.02413,22854.80927232507,53.78514232
1107,14,6,18088.93179381629,294.32,,1107,15,201.0,2000.0,22801.02465,22865.189103777102,64.16445378
1108,12,6,18065.61463764706,294.32,,1108,13,241.2,3000.0,22801.06298,22821.819222573828,20.75624257
1109,13,6,18055.71045862745,294.32,,1109,17,203.0,3000.0,22801.06332,22833.109501787054,32.04618179
1110,15,7,18078.825319467785,294.32,,1110,14,203.0,3000.0,22801.06356,22812.769471330048,11.70591133
1111,14,6,18057.293791960783,294.32,,1111,15,202.0,2000.0,22861.01571,22884.055440410764,23.03973041
1112,16,7,18022.07726539947,294.32,,1112,16,242.39999999999998,3000.0,22921.02372,22933.44550217822,12.42178218
1113,12,6,18020.043795490194,294.32,,1113,17,201.99999999999997,3000.0,22981.03261,22993.360332772274,12.32772277
1114,17,7,18086.109633193275,294.32,,1114,15,202.0,2000.0,23040.99482,23067.80769128713,26.81287129
1115,15,7,18062.26929705882,294.32,,1115,16,242.39999999999998,3000.0,23100.99952,23113.891599207924,12.89207921
1116,16,7,18039.80038745098,294.32,,1116,12,203.0,2000.0,23101.03421,23143.430086502467,42.3958765
1117,13,6,82792.63537841584,294.32,,1117,17,201.0,3000.0,23101.03429,23155.727420103445,54.6931301
1118,14,6,78370.5215170297,294.32,,1118,15,201.0,2000.0,23101.03447,28584.24472753585,5483.210258
1119,12,6,91342.64762940595,294.32,,1119,16,244.8,3000.0,23101.03447,28503.609056078436,5402.574586
1120,17,7,88981.17723346535,294.32,,1120,13,243.6,3000.0,23101.03452,23127.43501261084,26.40049261
1121,15,7,88813.28119386139,294.32,,1121,14,201.99999999999997,3000.0,23161.00974,23172.396868712873,11.38712871
1122,16,7,92953.79604534653,294.32,,1122,12,202.0,2000.0,23221.0153,23238.98658712871,17.97128713
1123,13,6,43146.38966147185,294.32,,1123,13,242.39999999999998,3000.0,23280.99747,23292.76083633663,11.76336634
1124,17,7,88360.3719670297,294.32,,1124,14,201.99999999999997,3000.0,23341.00143,23353.131210496995,12.1297805
1125,14,6,91942.652579901,294.32,,1125,12,202.0,2000.0,23401.0017,23412.476844653465,11.47514465
1126,15,7,63770.51106524752,294.32,,1126,13,243.6,3000.0,23401.02167,23440.49654908696,39.47487909
1127,12,6,89397.34824970298,294.32,,1127,16,241.2,3000.0,23401.02229,23457.073781616302,56.05149162
1128,13,6,64643.419783366335,294.32,,1128,17,203.0,3000.0,23401.02243,23430.407932068963,29.38550207
1129,14,6,88907.86310118812,294.32,,1129,14,201.99999999999997,3000.0,23401.02249,23464.1111038967,63.0886139
1130,12,6,84810.65518039605,294.32,,1130,12,201.0,2000.0,23401.13031,23480.623541707646,79.49323171
1131,16,7,91423.01386712871,294.32,,1131,15,203.0,2000.0,23401.13207,23425.09906507389,23.96699507
1132,17,7,89799.79604534653,294.32,,1132,13,241.2,3000.0,23401.13225,23451.982391025413,50.85014103
1133,13,6,18121.35823687763,294.6905,,1133,16,242.39999999999998,3000.0,23461.00085,23475.680057920792,14.67920792
1134,15,7,18144.0426330693,295.061,,1134,14,201.99999999999997,3000.0,23521.02728,23543.6074780198,22.58019802
1135,16,7,18198.12563486119,295.4315,,1135,12,202.0,2000.0,23581.00932,23594.74793386139,13.73861386
1136,17,7,18259.065396534654,295.802,,1136,13,242.39999999999998,3000.0,23640.99177,23655.576918514853,14.58514851
1137,15,7,37700.02060751244,296.1725,,1137,14,201.99999999999997,3000.0,23701.00376,23712.767126336632,11.76336634
1138,14,6,18321.714933004925,296.1725,,1138,13,243.6,3000.0,23701.05183,23712.983875105107,11.93204511
1139,16,7,18349.41015474955,296.1725,,1139,14,201.0,3000.0,23701.05183,23721.60576565237,20.55393565
1140,12,6,18361.520460199008,296.1725,,1140,17,203.0,3000.0,23701.0519,23734.9400773399,33.88817734
1141,17,7,30407.84315153936,296.1725,,1141,12,201.0,2000.0,23701.05198,42257.379760481745,18556.32778
1142,15,7,18319.474194158414,296.1725,,1142,13,242.39999999999998,3000.0,23761.00384,23773.237503366337,12.23366337
1143,16,7,18381.60842049505,296.543,,1143,14,201.99999999999997,3000.0,23820.99754,23833.137143960397,12.13960396
1144,17,7,18432.764174713648,296.9135,,1144,12,202.0,2000.0,23880.99805,23898.404980693067,17.40693069
1145,15,7,18493.70960039604,297.284,,1145,13,242.39999999999998,3000.0,23941.0042,23952.861625742575,11.85742574
1146,16,7,18558.799058316832,297.6545,,1146,14,201.99999999999997,3000.0,24000.99574,24029.963379479104,28.96763948
1147,17,7,18615.960084007682,298.025,,1147,15,201.0,2000.0,24001.01981,24057.166191931472,56.14638193
1148,15,7,18643.541899807613,298.025,,1148,12,203.0,2000.0,24001.01982,24015.720805221677,14.70098522
1149,16,7,18612.915529552236,298.025,,1149,17,203.0,3000.0,24001.02046,24040.524400886698,39.50394089
1150,17,7,29215.708592745097,298.025,,1150,15,204.0,2000.0,24001.02046,34724.09228874451,10723.07183
1151,13,6,18642.027207832514,298.025,,1151,13,241.2,3000.0,24001.02718,24057.991410164028,56.96423016
1153,16,7,26757.24682146913,298.025,,1152,14,201.0,3000.0,24001.02804,24085.687927576964,84.65988758
1152,15,7,18633.201463318026,298.025,,1153,12,202.0,2000.0,24061.02001,24075.605158514853,14.58514851
1154,14,6,18654.335665543957,298.025,,1154,13,242.39999999999998,3000.0,24121.17944,24148.36854891089,27.18910891
1155,17,7,19344.244865418717,298.025,,1155,14,201.99999999999997,3000.0,24181.01427,24195.12249786003,14.10822786
1156,15,7,18673.233953366336,298.3955,,1156,12,202.0,2000.0,24241.00513,24253.70909039604,12.7039604
1157,16,7,18732.776186336632,298.766,,1157,13,242.39999999999998,3000.0,24300.99721,24313.128173168316,12.13096317
1158,17,7,18798.04362306931,299.1365,,1158,12,203.0,2000.0,24301.29649,24518.060568486562,216.7640785
1159,15,7,18852.680426930692,299.507,,1159,16,241.2,3000.0,24301.29657,31978.3347800995,7677.03821
1160,16,7,18917.364511349555,299.8775,,1160,13,243.6,3000.0,24301.29693,24532.661553708236,231.3646237
1161,12,6,26912.184565305823,299.8775,,1161,17,201.0,3000.0,24301.29698,24504.246592584142,202.9496126
1162,17,7,18912.82490738916,299.8775,,1162,14,201.99999999999997,3000.0,24361.01856,24373.346282772276,12.32772277
1163,13,6,18930.32743044335,299.8775,,1163,12,202.0,2000.0,24421.00561,24433.145213960397,12.13960396
1164,15,7,18945.61824269284,299.8775,,1164,13,242.39999999999998,3000.0,24481.00958,24499.35710475248,18.34752475
1165,14,6,28706.85352197249,299.8775,,1165,14,201.99999999999997,3000.0,24541.00644,24552.299509306933,11.29306931
1166,16,7,18972.30289930693,300.248,,1166,12,202.0,2000.0,24600.99798,24626.2017393996,25.2037594
1167,17,7,19037.473166633663,300.6185,,1167,13,241.2,3000.0,24601.01929,24667.1625139801,66.14322398
1168,15,7,19093.138163960397,300.6185,,1168,14,203.0,3000.0,24601.02542,24645.171765774085,44.14634577
1169,16,7,19156.98770960396,300.989,,1169,16,241.2,3000.0,24601.02592,24625.324924975124,24.29900498
1170,17,7,19213.70414039604,301.73,,1170,12,203.0,2000.0,24601.02597,24615.820551280787,14.79458128
1171,15,7,19257.335650099503,301.73,,1171,17,201.0,3000.0,24601.02624,29863.265470242903,5262.23923
1172,12,6,19236.21394995074,301.73,,1172,13,241.2,3000.0,24601.09696,24643.44022915029,42.34326915
1173,16,7,35394.667373681594,301.73,,1173,14,201.99999999999997,3000.0,24661.00331,24674.543702098912,13.5403921
1174,13,6,19218.7213391133,301.73,,1174,12,202.0,2000.0,24720.99632,24733.606220990096,12.60990099
1175,17,7,35021.006147254906,301.73,,1175,13,242.39999999999998,3000.0,24781.01565,24798.234461881188,17.21881188
1176,15,7,19252.51508566967,301.73,,1176,14,201.99999999999997,3000.0,24841.00429,24852.673596930694,11.66930693
1177,14,6,19262.273651443276,301.73,,1177,12,202.0,2000.0,24901.00177,24929.313263027365,28.31149303
1178,16,7,19274.371816237624,302.1005,,1178,13,243.6,3000.0,24901.01834,24929.544790120963,28.52645012
1179,17,7,19355.33397432961,302.471,,1179,14,201.0,3000.0,24901.0189,31075.146251700324,6174.127352
1180,15,7,19394.939082673267,302.8415,,1180,12,203.0,2000.0,24901.01895,24920.86771847291,19.84876847
1181,16,7,19452.49803811881,303.212,,1181,13,241.2,3000.0,24901.01907,24938.71394434982,37.69487435
1182,17,7,19512.959905148513,303.5825,,1182,14,204.00000000000003,3000.0,24901.01909,43547.727896765966,18646.70881
1183,15,7,19515.845477287818,303.5825,,1183,12,202.0,2000.0,24961.00448,24973.70844039604,12.7039604
1184,12,6,19551.085897041437,303.5825,,1184,13,242.39999999999998,3000.0,25021.00744,25033.52328158416,12.51584158
1185,16,7,29935.26056835821,303.5825,,1185,14,201.99999999999997,3000.0,25081.01486,25097.763374851485,16.74851485
1186,17,7,19537.50818542548,303.5825,,1186,12,202.0,2000.0,25141.00115,25153.140753960397,12.13960396
1187,13,6,27392.357135136088,303.5825,,1187,13,242.39999999999998,3000.0,25201.01008,26025.06065288488,824.0505729
1188,15,7,19578.506840099013,303.953,,1188,12,202.0,2000.0,25201.01575,25231.85694049505,30.8411905
1189,16,7,19633.517341584156,304.3235,,1189,13,243.6,3000.0,25201.01598,25211.207351083744,10.19137108
1190,17,7,19699.93072118812,304.694,,1190,14,201.0,3000.0,25201.01617,25288.44394002965,87.42777003
1191,15,7,19760.754435841583,304.694,,1191,15,203.0,2000.0,25201.01637,25221.458059999997,20.44169
1192,16,7,19813.526197128715,305.435,,1192,13,241.2,3000.0,25201.03817,25292.414089283382,91.37591928
1193,17,7,19859.43441120715,305.435,,1193,16,241.2,3000.0,25201.04137,25310.19401288557,109.1526429
1194,15,7,19868.885223781093,305.435,,1194,14,203.0,3000.0,25201.15809,25249.73249724358,48.57440724
1195,14,6,31204.20933020193,305.435,,1195,17,200.0,3000.0,25201.17838,25273.278589999998,72.10021
1196,16,7,19823.026451008143,305.435,,1196,12,204.0,2000.0,25220.85199,27238.293409645892,2017.44142
1197,17,7,31356.79249154229,305.435,,1197,13,244.8,3000.0,25221.34719,27112.866939057654,1891.519749
1198,12,6,19814.250478275862,305.435,,1198,15,204.0,2000.0,25221.34806,27192.781135194622,1971.433075
1199,15,7,19878.980846224298,305.435,,1199,14,204.00000000000003,3000.0,25221.34859,27149.469880234126,1928.12129
1200,13,6,19848.877343947504,305.435,,1200,16,242.39999999999998,3000.0,25221.35963,110873.76844613862,85652.40882
1201,16,7,19815.189817344777,305.435,,1201,17,201.99999999999997,3000.0,25221.36596,108961.02092138615,83739.65496
1202,17,7,19893.43404819474,305.435,,1202,12,202.0,2000.0,25221.36626,113832.78387168318,88611.41761
1203,14,6,19873.521311584158,305.8055,,1203,15,202.0,2000.0,25221.36697,111776.59329336634,86555.22632
1204,15,7,19934.856843267327,306.176,,1204,14,201.99999999999997,3000.0,25221.36817,106748.79834910891,81527.43018
1205,16,7,19992.10929049505,306.5465,,1205,16,242.39999999999998,3000.0,25221.36886,106948.62066613861,81727.25181
1206,17,7,20052.862465742575,306.917,,1206,13,242.39999999999998,3000.0,25221.36969,104555.70932504951,79334.33964
1207,15,7,20113.70048039604,306.917,,1207,17,204.00000000000003,3000.0,25221.37019,27103.835056763248,1882.464867
1208,16,7,27447.886271278905,307.2875,,1208,12,202.0,2000.0,25221.37217,103596.3380379208,78374.96587
1209,17,7,25644.148553368457,307.2875,,1209,14,201.99999999999997,3000.0,25221.3737,100543.16972108911,75321.79602
1210,15,7,20234.740760352634,307.2875,,1210,15,202.0,2000.0,25235.15859,79489.12440227723,54253.96581
1211,16,7,20200.531326167184,307.2875,,1211,13,242.39999999999998,3000.0,25235.15901,95854.70450643565,70619.5455
1212,12,6,20208.668081921183,307.2875,,1212,16,242.39999999999998,3000.0,25235.15928,106933.68502257425,81698.52574
1213,17,7,20176.267694356437,307.658,,1213,12,202.0,2000.0,25235.16067,57578.79772534653,32343.63706
1214,15,7,20233.52401158416,308.0285,,1214,17,201.99999999999997,3000.0,25235.16102,99546.7296889109,74311.56867
1215,16,7,20298.97951712871,308.399,,1215,14,201.99999999999997,3000.0,25235.16242,63700.748197722765,38465.58578
1216,17,7,20353.99769861386,308.7695,,1216,15,202.0,2000.0,25235.16372,32330.997952299072,7095.834232
1217,15,7,20428.650807593523,308.7695,,1217,5,201.99999999999997,3000.0,25261.01027,25273.055814554453,12.04554455
1218,16,7,20450.695142568893,309.14,,1218,3,204.0,2000.0,25319.32067,26891.938630588233,1572.617961
1219,17,7,31041.534693827918,309.14,,1219,1,241.2,3000.0,25319.35028,38219.20608258509,12899.8558
1220,15,7,20417.135956108374,309.14,,1220,2,201.99999999999997,3000.0,25321.0129,25334.281216831685,13.26831683
1221,13,6,20424.56811039801,309.14,,1221,0,202.0,2000.0,25381.08176,25396.88968079208,15.80792079
1222,14,6,30905.350399666375,309.14,,1222,1,242.39999999999998,3000.0,25440.99482,25452.758186336632,11.76336634
1223,12,6,20459.633647562187,309.14,,1223,2,201.99999999999997,3000.0,25501.00155,25512.567605148517,11.56605515
1224,16,7,20481.81822039801,309.14,,1224,4,244.8,3000.0,25501.19901,46652.56865647059,21151.36965
1225,13,6,20468.78840625787,309.14,,1225,0,201.0,2000.0,25501.21612,25716.547438557216,215.3313186
1226,17,7,20479.161705940594,309.5105,,1226,5,203.0,3000.0,25501.21633,25636.84342359606,135.6270936
1227,15,7,20532.862095742574,309.881,,1227,1,243.6,3000.0,25501.21647,25667.43842991806,166.2219599
1228,16,7,20602.172896930693,310.2515,,1228,3,201.0,2000.0,25501.26201,39710.07367899327,14208.81167
1229,17,7,20653.892879207924,310.622,,1229,2,201.99999999999997,3000.0,25561.01163,25572.774996336633,11.76336634
1230,15,7,20712.573017128714,310.9925,,1230,0,202.0,2000.0,25620.99787,25633.231533366335,12.23366337
1231,16,7,34733.52366129353,310.9925,,1231,1,242.39999999999998,3000.0,25681.00515,25693.80316980198,12.7980198
1232,14,6,20939.608234662803,310.9925,,1232,2,201.99999999999997,3000.0,25741.00081,25753.51665158416,12.51584158
1233,17,7,20875.942300591134,310.9925,,1233,0,202.0,2000.0,25801.01003,25812.9553407555,11.94531076
1234,12,6,20893.466919359606,310.9925,,1234,2,203.0,3000.0,25801.02217,25812.82167738916,11.79950739
1235,15,7,37069.70219955224,310.9925,,1235,0,203.0,2000.0,25801.0224,25828.897939086473,27.87553909
1236,16,7,20778.40622069307,310.9925,,1236,5,201.0,3000.0,25801.02306,25839.501169452735,38.47810945
1237,17,7,20833.898419207922,311.7335,,1237,3,201.0,2000.0,25801.02772,25856.506144577113,55.47842458
1238,15,7,20908.761035346535,312.104,,1238,1,241.2,3000.0,25801.02889,25874.642381044774,73.61349104
1239,16,7,20953.333102772274,312.4745,,1239,2,201.99999999999997,3000.0,25861.00059,25875.38946829664,14.3888783
1240,17,7,21013.339882772274,312.845,,1240,0,202.0,2000.0,25921.01193,25933.998068613862,12.98613861
1241,13,6,21023.235232985076,312.845,,1241,1,242.39999999999998,3000.0,25981.00774,25999.91962118812,18.91188119
1242,15,7,31479.250202985073,312.845,,1242,2,201.99999999999997,3000.0,26041.00657,26051.92340168317,10.91683168
1243,14,6,21040.417498994928,312.845,,1243,0,202.0,2000.0,26101.01296,26118.317354756375,17.30439476
1244,16,7,21014.113281787053,312.845,,1244,1,244.8,3000.0,26101.18384,44229.03695666667,18127.85312
1245,12,6,29016.11332589406,312.845,,1245,4,241.2,3000.0,26101.2136,37491.8474981592,11390.6339
1246,17,7,21044.113281787053,312.845,,1246,2,201.0,3000.0,26101.21404,26223.877602135854,122.6635621
1247,15,7,21055.456565369142,312.845,,1247,5,203.0,3000.0,26101.21417,26253.782150295567,152.5679803
1248,16,7,21076.893722649624,312.845,,1248,0,203.0,2000.0,26102.84319,26114.36190921182,11.51871921
1249,17,7,21134.631095049506,313.586,,1249,1,242.39999999999998,3000.0,26161.01697,26171.933801683168,10.91683168
1250,15,7,21192.78744633663,313.9565,,1250,2,201.99999999999997,3000.0,26221.01248,26232.57986434363,11.56738434
1251,16,7,21253.419440124246,314.327,,1251,0,202.0,2000.0,26281.00879,26294.277106831683,13.26831683
1252,17,7,21313.627740990098,314.6975,,1252,1,242.39999999999998,3000.0,26340.99685,26352.28991930693,11.29306931
1253,15,7,32615.97968226787,314.6975,,1253,2,201.99999999999997,3000.0,26401.004,26412.861425742576,11.85742574
1254,13,6,21445.906239167438,314.6975,,1254,0,201.0,2000.0,26401.0198,26446.08964730951,45.06984731
1257,15,7,32534.102231287477,314.6975,,1255,3,201.0,2000.0,26401.02109,26472.386768640048,71.36567864
1255,16,7,21431.08368785675,314.6975,,1256,2,203.0,3000.0,26401.02239,26414.28999717115,13.26760717
1256,17,7,21429.805080891576,314.6975,,1257,4,241.2,3000.0,26401.02252,26423.241922985075,22.21940298
1258,14,6,21372.20415990099,315.068,,1258,0,201.0,2000.0,26401.02274,44627.38541240777,18226.36267
1259,12,6,21433.625450990097,315.4385,,1259,5,203.0,3000.0,26401.02294,26448.005469783104,46.98252978
1260,16,7,21492.406938712873,315.809,,1260,1,242.39999999999998,3000.0,26461.00655,26472.29961930693,11.29306931
1261,17,7,21553.6209309901,316.1795,,1261,2,201.99999999999997,3000.0,26521.01668,26539.92856118812,18.91188119
1262,15,7,23936.360869419106,316.55,,1262,0,202.0,2000.0,26581.00345,26595.95808262279,14.95463262
1263,13,6,27064.322261173544,316.55,,1263,1,242.39999999999998,3000.0,26641.00679,26659.166195940594,18.15940594
1264,14,6,21639.01759034483,316.55,,1264,2,201.99999999999997,3000.0,26701.00933,26712.960815148515,11.95148515
1265,16,7,21674.46496539469,316.55,,1265,4,244.8,3000.0,26701.01228,37541.15632168861,10840.14404
1266,17,7,21630.498147412938,316.55,,1266,0,201.0,2000.0,26701.01254,26906.696108476335,205.6835685
1267,12,6,21614.214634679804,316.55,,1267,1,243.6,3000.0,26701.01272,26894.374032208947,193.3613122
1268,15,7,32359.977853178025,316.55,,1268,5,203.0,3000.0,26701.01276,26872.29995211823,171.2871921
1269,16,7,21697.32907469632,316.55,,1269,2,201.99999999999997,3000.0,26761.01746,26777.201618415842,16.18415842
1270,13,6,21716.24618198127,316.55,,1270,0,202.0,2000.0,26821.0116,26834.468035643567,13.45643564
1271,17,7,21648.96001489964,316.55,,1271,1,242.39999999999998,3000.0,26880.99986,26892.48104811881,11.48118812
1272,14,6,21676.042389999995,316.55,,1272,2,201.99999999999997,3000.0,26941.00714,26953.1467439604,12.13960396
1273,12,6,100207.71427554455,316.55,,1273,0,202.0,2000.0,27000.99858,27012.37484069307,11.37626069
1274,13,6,34446.422727397665,316.55,,1274,3,201.0,2000.0,27001.02329,40446.68328905473,13445.66
1275,15,7,38970.25929902865,316.55,,1275,1,243.6,3000.0,27001.02336,27038.995530348246,37.97217035
1276,16,7,87601.57988782178,316.55,,1276,4,241.2,3000.0,27001.02349,27058.5866703512,57.56318035
1277,14,6,21809.94714512733,316.55,,1277,2,204.00000000000003,3000.0,27001.02367,40345.509128039215,13344.48546
1278,17,7,21804.902233168315,316.55,,1278,5,201.99999999999997,3000.0,27001.02397,27028.861453267327,27.83748327
1279,12,6,107096.80825009901,316.55,,1279,0,203.0,2000.0,27001.02412,27071.098729458125,70.07460946
1280,15,7,107517.85260455447,316.55,,1280,3,201.0,2000.0,27001.03024,27037.696897441998,36.66665744
1281,13,6,70753.9523680198,316.55,,1281,1,241.2,3000.0,27001.03098,27083.232543400238,82.2015634
1282,14,6,64210.96043980198,316.55,,1282,4,243.6,3000.0,27001.12878,27038.657488575,37.52870858
1283,12,6,107912.65478475248,316.55,,1283,2,203.0,3000.0,27006.6822,27790.827253990148,784.145054
1284,13,6,103585.76378049505,316.55,,1284,5,204.00000000000003,3000.0,27010.06699,27350.478827213945,340.4118372
1285,16,7,75736.9768709901,316.55,,1285,0,204.0,2000.0,27010.06791,27349.828605202358,339.7606952
1286,17,7,51620.09141829861,316.55,,1286,3,204.0,2000.0,27010.06835,27350.478827213945,340.4104772
1287,15,7,108178.01102039605,316.55,,1287,1,244.8,3000.0,27010.0692,27216.45802126427,206.3888213
1288,16,7,107405.14541861386,316.55,,1288,4,244.8,3000.0,27010.08974,27207.79255270414,197.7028127
1289,14,6,103505.95189930694,316.55,,1289,5,201.99999999999997,3000.0,27061.00077,27073.79878980198,12.7980198
1290,17,7,99737.62077801982,316.55,,1290,2,201.99999999999997,3000.0,27121.01339,27140.39556821782,19.38217822
1291,12,6,107012.35280455445,316.55,,1291,0,202.0,2000.0,27180.99757,27192.949055148514,11.95148515
1292,15,7,103264.66038198023,316.55,,1292,1,242.39999999999998,3000.0,27241.00579,27257.00182960396,15.9960396
1293,13,6,106054.29339861387,316.55,,1293,2,201.99999999999997,3000.0,27301.0035,27312.672806930692,11.66930693
1294,14,6,102008.85288940594,316.55,,1294,5,201.0,3000.0,27301.02413,27319.084329004978,18.060199
1295,12,6,107812.74389366337,316.55,,1295,0,203.0,2000.0,27301.02422,27334.697437472565,33.67321747
1296,13,6,105503.44191346536,316.55,,1296,3,203.0,2000.0,27301.0243,27327.41437826606,26.39007827
1297,16,7,108077.89220851487,316.55,,1297,4,242.39999999999998,3000.0,27361.00634,27374.0865380198,13.08019802
1298,17,7,21674.174157425743,316.55,,1298,5,201.99999999999997,3000.0,27420.99761,27433.325332772274,12.32772277
1299,15,7,21751.77451039604,318.76,,1299,3,202.0,2000.0,27481.01348,27493.81149980198,12.7980198
1300,16,7,21792.768346336634,319.865,,1300,4,242.39999999999998,3000.0,27541.01731,27552.31037930693,11.29306931
1301,17,7,21857.294707821784,320.97,,1301,5,201.99999999999997,3000.0,27601.01451,27620.490747623764,19.47623762
1302,15,7,21913.51823158416,322.075,,1302,1,241.2,3000.0,27601.03055,27668.424232777244,67.39368278
1303,14,6,21920.315024726366,322.075,,1303,3,201.0,2000.0,27601.03057,27651.963384439685,50.93281444
1304,16,7,21938.998589659586,322.075,,1304,2,201.0,3000.0,27601.04417,27630.80234222998,29.75817223
1305,12,6,33058.09680459467,322.075,,1305,4,244.8,3000.0,27601.0442,40576.887552704604,12975.84335
1306,13,6,33170.94974577114,322.075,,1306,0,203.0,2000.0,27601.04467,27621.430464285713,20.38579429
1307,14,6,21928.728817829815,322.075,,1307,5,201.0,3000.0,27601.04469,39134.10007239453,11533.05538
1308,17,7,21978.70410891089,323.18,,1308,1,243.6,3000.0,27601.04475,27612.844257389163,11.79950739
1309,15,7,22038.70088891089,324.285,,1309,2,201.99999999999997,3000.0,27661.0033,27673.414331787146,12.41103179
1310,16,7,22101.23643287129,325.39,,1310,0,202.0,2000.0,27721.00952,27738.228331881186,17.21881188
1311,17,7,22158.71077891089,326.495,,1311,1,242.39999999999998,3000.0,27781.01968,27792.3025015149,11.28282151
1312,15,7,22214.74173386139,327.6,,1312,2,201.99999999999997,3000.0,27841.00948,27868.951064158417,27.94158416
1313,12,6,22240.342285472638,327.6,,1313,0,202.0,2000.0,27901.01044,27913.432222178217,12.42178218
1314,16,7,22261.59053235546,327.6,,1314,1,241.2,3000.0,27901.05594,27940.991864626863,39.93592463
1315,13,6,22215.869648656717,327.6,,1315,1,243.6,3000.0,27901.05658,27930.21054730137,29.1539673
1316,17,7,33485.45158744785,327.6,,1316,3,203.0,2000.0,27901.05666,27912.762571330048,11.70591133
1317,14,6,32430.748545888207,327.6,,1317,2,201.99999999999997,3000.0,27961.00708,27973.616980990097,12.60990099
1318,15,7,22224.401832383555,327.6,,1318,0,202.0,2000.0,28021.01926,28034.005398613863,12.98613861
1319,16,7,22233.1040955665,327.6,,1319,1,242.39999999999998,3000.0,28081.01016,28093.337882772277,12.32772277
1320,17,7,22281.2241957218,328.705,,1320,2,201.99999999999997,3000.0,28141.00623,28154.744843861386,13.73861386
1321,15,7,22339.487334158417,329.81,,1321,0,202.0,2000.0,28201.00856,28212.865985742574,11.85742574
1322,16,7,22398.781988316834,329.81,,1322,1,241.2,3000.0,28201.04367,28252.806284250037,51.76261425
1323,17,7,22453.139713960398,332.02,,1323,2,201.0,3000.0,28201.04482,28275.77551079602,74.7306908
1324,15,7,22514.171647425745,332.02,,1324,4,243.6,3000.0,28201.04509,28250.7416391133,49.69654911
1325,16,7,22523.20647329639,333.125,,1325,0,204.0,2000.0,28201.04548,40128.80882228243,11927.76334
1326,12,6,33492.571636318404,333.125,,1326,3,203.0,2000.0,28201.04558,28221.5495208867,20.50394089
1327,17,7,22541.895480052695,333.125,,1327,1,241.2,3000.0,28201.04571,28240.801309125658,39.75559913
1328,13,6,22514.253378275862,333.125,,1328,2,201.99999999999997,3000.0,28261.01669,28274.473125643566,13.45643564
1329,15,7,32755.52870187571,333.125,,1329,0,202.0,2000.0,28320.9919,28336.893880198022,15.9019802
1330,16,7,22573.336382772275,334.23,,1330,1,242.39999999999998,3000.0,28381.00082,28394.363196237624,13.36237624
1331,17,7,22633.52242158416,335.335,,1331,2,201.99999999999997,3000.0,28441.00665,28452.39377871287,11.38712871
1332,15,7,22693.524531584157,336.44,,1332,0,202.0,2000.0,28501.00371,28513.237373366337,12.23366337
1333,16,7,22759.91347118812,337.545,,1333,1,244.8,3000.0,28501.01526,40190.74932411765,11689.73406
1334,17,7,22813.336102772275,338.65,,1334,5,203.0,3000.0,28501.01545,28550.99247729064,49.97702729
1335,14,6,22854.80927232507,338.65,,1335,2,201.0,3000.0,28501.01561,28540.799562421063,39.78395242
1336,15,7,22865.189103777102,338.65,,1336,3,203.0,2000.0,28501.01563,28515.997403399015,14.9817734
1337,12,6,34221.49203432836,338.65,,1337,0,202.0,2000.0,28561.00649,28573.052034554454,12.04554455
1338,13,6,22821.819222573828,338.65,,1338,1,242.39999999999998,3000.0,28621.00364,28640.00958059406,19.00594059
1339,16,7,34773.02856325432,338.65,,1339,2,201.99999999999997,3000.0,28681.00956,28693.149163960396,12.13960396
1340,17,7,22833.109501787054,338.65,,1340,0,202.0,2000.0,28741.00264,28767.533333069307,26.53069307
1341,14,6,22812.769471330048,338.65,,1341,1,242.39999999999998,3000.0,28801.00999,29567.872852778615,766.8628628
1342,15,7,22884.055440410764,339.755,,1342,4,241.2,3000.0,28801.02494,28905.284684610117,104.2597446
1343,16,7,22933.44550217822,340.86,,1343,2,201.0,3000.0,28801.04047,28870.86093766169,69.82046766
1344,17,7,22993.360332772274,341.965,,1344,5,200.0,3000.0,28801.15279,28834.01784,32.86505
1345,15,7,23067.80769128713,341.965,,1345,0,203.0,2000.0,28801.15447,28841.30253270936,40.14806271
1346,16,7,23113.891599207924,343.07,,1346,3,201.0,2000.0,28801.22358,29060.05834149254,258.8347615
1347,12,6,23143.430086502467,344.175,,1347,1,243.6,3000.0,28801.23858,29114.79011679803,313.5515368
1348,17,7,23155.727420103445,344.175,,1348,4,243.6,3000.0,28801.28784,29066.25373219469,264.9658922
1349,15,7,28584.24472753585,344.175,,1349,2,204.00000000000003,3000.0,28801.28814,42994.192340017034,14192.9042
1350,16,7,28503.609056078436,344.175,,1350,5,201.0,3000.0,28801.28859,43210.17958881986,14408.891
1351,13,6,23127.43501261084,344.175,,1351,0,202.0,2000.0,28802.17938,29043.628264394363,241.4488844
1352,14,6,23172.396868712873,345.28,,1352,3,202.0,2000.0,28861.00127,28873.234933366337,12.23366337
1353,12,6,23238.98658712871,346.385,,1353,4,242.39999999999998,3000.0,28920.99864,28933.1382439604,12.13960396
1354,13,6,23292.76083633663,346.385,,1354,5,201.99999999999997,3000.0,28981.00622,28995.02701207921,14.02079208
1355,14,6,23353.131210496995,348.595,,1355,3,202.0,2000.0,29041.01426,29052.21326990099,11.1990099
1356,12,6,23412.476844653465,349.7,,1356,4,242.39999999999998,3000.0,29101.0091,29114.747713861387,13.73861386
1357,13,6,23440.49654908696,349.7,,1357,5,201.0,3000.0,29101.02595,29171.901677512436,70.87572751
1358,17,7,33678.22734761194,349.7,,1358,2,201.0,3000.0,29101.02657,41045.590594427864,11944.56402
1359,15,7,33234.78492078119,349.7,,1359,3,203.0,2000.0,29101.02659,29133.11224588109,32.08565588
1360,16,7,23457.073781616302,349.7,,1360,0,203.0,2000.0,29101.02684,29124.32872778325,23.30188778
1361,17,7,23430.407932068963,349.7,,1361,4,242.39999999999998,3000.0,29161.00118,29172.377908031624,11.37672803
1362,14,6,23464.1111038967,349.7,,1362,5,201.99999999999997,3000.0,29221.02385,29237.302067821784,16.27821782
1363,12,6,23480.623541707646,349.7,,1363,3,202.0,2000.0,29280.99944,29295.02023207921,14.02079208
1364,15,7,23425.09906507389,349.7,,1364,4,242.39999999999998,3000.0,29341.00686,29361.23557287129,20.22871287
1365,13,6,23451.982391025413,349.7,,1365,5,201.99999999999997,3000.0,29401.01419,29413.1537939604,12.13960396
1366,16,7,23475.680057920792,350.805,,1366,3,201.0,2000.0,29401.01467,43007.46245074137,13606.44778
1367,14,6,23543.6074780198,351.91,,1367,1,244.8,3000.0,29401.01492,41993.63042,12592.6155
1368,12,6,23594.74793386139,353.015,,1368,2,203.0,3000.0,29401.01492,29426.105067783254,25.09014778
1369,13,6,23655.576918514853,353.015,,1369,4,243.6,3000.0,29401.01517,29415.70551809833,14.6903481
1370,14,6,23712.767126336632,355.225,,1370,5,201.0,3000.0,29401.01547,29459.998806007156,58.98333601
1371,12,6,32091.42501647644,355.225,,1371,0,201.0,2000.0,29401.02977,29461.31899813151,60.28922813
1372,13,6,23712.983875105107,355.225,,1372,3,201.0,2000.0,29401.03046,29474.175171492538,73.14471149
1373,14,6,23721.60576565237,355.225,,1373,4,242.39999999999998,3000.0,29461.01633,29478.694973472735,17.67864347
1374,17,7,23734.9400773399,355.225,,1374,5,201.99999999999997,3000.0,29521.01805,29533.91012920792,12.89207921
1375,12,6,33768.35273084577,355.225,,1375,3,202.0,2000.0,29581.00527,29593.332992772277,12.32772277
1376,13,6,23773.237503366337,356.33,,1376,4,242.39999999999998,3000.0,29641.01008,29653.996218613862,12.98613861
1377,14,6,23833.137143960397,356.33,,1377,5,201.99999999999997,3000.0,29701.00009,29712.293159306933,11.29306931
1378,12,6,23898.404980693067,357.435,,1378,1,241.2,3000.0,29701.0263,43418.16662146003,13717.14032
1379,13,6,23952.861625742575,359.645,,1379,3,203.0,2000.0,29701.02654,29915.236877093597,214.2103371
1380,14,6,24029.963379479104,359.645,,1380,4,241.2,3000.0,29701.02654,29929.187125849818,228.1605858
1381,15,7,24057.166191931472,360.75,,1381,2,203.0,3000.0,29701.02665,29899.269507142857,198.2428571
1382,12,6,24015.720805221677,360.75,,1382,5,201.99999999999997,3000.0,29761.00535,29774.273666831683,13.26831683
1383,16,7,31347.76264079602,360.75,,1383,3,202.0,2000.0,29821.00876,29833.43054217822,12.42178218
1384,17,7,24040.524400886698,360.75,,1384,4,242.39999999999998,3000.0,29881.02055,29893.254213366337,12.23366337
1385,15,7,34481.24424952883,360.75,,1385,5,201.99999999999997,3000.0,29941.00753,29952.959015148514,11.95148515
1386,13,6,24057.991410164028,360.75,,1386,3,202.0,2000.0,30001.00826,30021.13210861386,20.12384861
1387,14,6,24085.687927576964,360.75,,1387,4,241.2,3000.0,30001.02339,30047.321904278604,46.29851428
1388,12,6,24075.605158514853,361.855,,1388,2,201.0,3000.0,30001.22443,30061.160250895522,59.9358209
1389,13,6,24148.36854891089,362.96,,1389,5,203.0,3000.0,30001.24597,30102.232387093598,100.9864171
1390,14,6,24195.12249786003,364.065,,1390,0,203.0,2000.0,30001.24617,30083.401630205866,82.15546021
1391,12,6,24253.70909039604,365.17,,1391,4,241.2,3000.0,30002.45076,30028.819062423525,26.36830242
1392,13,6,24313.128173168316,365.17,,1392,5,201.99999999999997,3000.0,30061.00086,30074.927592673266,13.92673267
1393,14,6,35935.49625680943,366.275,,1393,3,202.0,2000.0,30121.00262,30132.577867524753,11.57524752
1394,12,6,24518.060568486562,366.275,,1394,4,242.39999999999998,3000.0,30181.0149,30194.189157425742,13.17425743
1395,16,7,31978.3347800995,366.275,,1395,5,201.99999999999997,3000.0,30241.01852,30252.12347049505,11.10495049
1396,13,6,24532.661553708236,366.275,,1396,3,202.0,2000.0,30301.02035,30317.580746039603,16.56039604
1397,17,7,24504.246592584142,366.275,,1397,4,241.2,3000.0,30301.02138,43419.801634527365,13118.78025
1398,14,6,24373.346282772276,367.38,,1398,5,201.0,3000.0,30301.02138,30499.428380696518,198.4070007
1399,12,6,24433.145213960397,368.485,,1399,1,244.8,3000.0,30301.02162,62336.692048097844,32035.67043
1400,13,6,24499.35710475248,369.59,,1400,2,203.0,3000.0,30301.02177,30531.18088330049,230.1591133
1401,14,6,24552.299509306933,370.695,,1401,3,203.0,2000.0,30301.02204,30522.558945865254,221.5369059
1402,12,6,24626.2017393996,370.695,,1402,4,242.39999999999998,3000.0,30361.00052,30371.541114059408,10.54059406
1403,13,6,24667.1625139801,371.8,,1403,5,201.99999999999997,3000.0,30421.01275,30438.04344306931,17.03069307
1404,14,6,24645.171765774085,371.8,,1404,3,202.0,2000.0,30481.0095,30492.866925742575,11.85742574
1405,15,7,34724.09228874451,371.8,,1405,4,242.39999999999998,3000.0,30541.00321,30567.251724851485,26.24851485
1406,16,7,24625.324924975124,371.8,,1406,5,201.99999999999997,3000.0,30601.01336,30616.24814069307,15.23478069
1407,12,6,24615.820551280787,371.8,,1407,3,201.0,2000.0,30601.01377,30668.97377114428,67.96000114
1408,17,7,29863.265470242903,371.8,,1408,0,201.0,2000.0,30601.01465,30669.070815277104,68.05616528
1409,13,6,24643.44022915029,371.8,,1409,5,203.0,3000.0,30601.02768,30637.513545338734,36.48586534
1410,14,6,24674.543702098912,372.905,,1410,2,201.99999999999997,3000.0,30601.02797,30617.212128415842,16.18415842
1411,12,6,24733.606220990096,372.905,,1411,3,201.0,2000.0,30601.028,30645.43891847306,44.41091847
1412,13,6,24798.234461881188,375.115,,1412,0,203.0,2000.0,30601.02807,30659.414098859193,58.38602886
1413,14,6,24852.673596930694,376.22,,1413,4,243.6,3000.0,30601.44121,30615.299830689655,13.85862069
1414,12,6,24929.313263027365,377.325,,1414,5,201.99999999999997,3000.0,30661.00125,30677.27080084725,16.26955085
1415,13,6,24929.544790120963,377.325,,1415,3,202.0,2000.0,30720.99865,30732.573897524755,11.57524752
1416,14,6,31075.146251700324,377.325,,1416,4,242.39999999999998,3000.0,30781.00627,30793.051814554456,12.04554455
1417,12,6,24920.86771847291,377.325,,1417,5,201.99999999999997,3000.0,30841.01321,30857.385487227722,16.37227723
1418,13,6,24938.71394434982,377.325,,1418,3,202.0,2000.0,30901.00477,30912.580017524753,11.57524752
1419,14,6,36736.28057053492,377.325,,1419,4,243.6,3000.0,30901.02692,30914.38789929815,13.3609793
1420,12,6,24973.70844039604,378.43,,1420,1,241.2,3000.0,30901.02706,30939.505169452736,38.47810945
1421,13,6,25033.52328158416,379.535,,1421,3,203.0,2000.0,30901.0275,30931.983958411452,30.95645841
1422,14,6,25097.763374851485,380.64,,1422,4,242.39999999999998,3000.0,30961.01322,30972.21222990099,11.1990099
1423,12,6,25153.140753960397,381.745,,1423,5,201.99999999999997,3000.0,31021.01499,31038.798158316833,17.78316832
1424,13,6,26025.06065288488,382.85,,1424,3,202.0,2000.0,31081.00681,31092.39393871287,11.38712871
1425,14,6,43547.727896765966,382.85,,1425,4,242.39999999999998,3000.0,31141.00712,31152.582367524752,11.57524752
1426,12,6,25231.85694049505,382.85,,1426,5,201.99999999999997,3000.0,31201.0043,31212.579547524754,11.57524752
1427,13,6,25211.207351083744,382.85,,1427,3,201.0,2000.0,31201.0176,31232.00740822127,30.98980822
1429,12,6,42257.379760481745,382.85,,1428,0,201.0,2000.0,31201.01773,59567.06911378841,28366.05138
1428,14,6,25288.44394002965,382.85,,1429,4,243.6,3000.0,31201.01774,31250.69892980418,49.6811898
1430,15,7,25221.458059999997,382.85,,1430,5,203.0,3000.0,31201.01774,31262.679225370684,61.66148537
1431,13,6,25292.414089283382,382.85,,1431,2,201.0,3000.0,31201.02025,31257.351362985075,56.33111298
1432,16,7,25310.19401288557,382.85,,1432,0,201.0,2000.0,31201.13196,31233.087681393034,31.95572139
1433,14,6,25249.73249724358,382.85,,1433,3,202.0,2000.0,31261.0058,31272.946552103356,11.9407521
1434,17,7,25273.278589999998,382.85,,1434,4,242.39999999999998,3000.0,31321.01963,31346.233491386138,25.21386139
1435,12,6,27238.293409645892,382.85,,1435,5,201.99999999999997,3000.0,31381.09152,31396.146965544554,15.05544554
1436,13,6,27112.866939057654,382.85,,1436,3,202.0,2000.0,31441.01958,31452.877005742575,11.85742574
1437,15,7,27192.781135194622,382.85,,1437,4,242.39999999999998,3000.0,31501.0,31513.42178217822,12.42178218
1438,14,6,27149.469880234126,382.85,,1438,5,201.0,3000.0,31501.02289,31552.703575183637,51.68068518
1439,16,7,110873.76844613862,382.85,,1439,3,204.0,2000.0,31501.02307,47881.976011648694,16380.95294
1440,17,7,107464.68428772279,382.85,,1440,1,241.2,3000.0,31501.02328,44900.45841845771,13399.43514
1441,15,7,109920.85755504952,382.85,,1441,4,243.6,3000.0,31501.02338,31514.101585133885,13.07820513
1442,16,7,110071.86745603962,382.85,,1442,2,203.0,3000.0,31501.02376,31524.429178719212,23.40541872
1443,17,7,108961.02092138615,382.85,,1443,5,201.99999999999997,3000.0,31561.00842,31575.123271485147,14.11485149
1444,12,6,111733.4175350495,382.85,,1444,3,202.0,2000.0,31621.00384,31633.989978613863,12.98613861
1445,15,7,111776.59329336634,382.85,,1445,4,242.39999999999998,3000.0,31680.99573,31694.640284455443,13.64455446
1446,13,6,108593.01617089109,382.85,,1446,5,201.99999999999997,3000.0,31741.00746,31754.087658019802,13.08019802
1447,14,6,106748.79834910891,382.85,,1447,3,202.0,2000.0,31801.01103,31815.11591138614,14.10488139
1448,16,7,106948.62066613861,382.85,,1448,4,241.2,3000.0,31801.0262,31850.91966443664,49.89346444
1449,12,6,113832.78387168318,382.85,,1449,5,201.0,3000.0,31801.02622,31827.570991217803,26.54477122
1450,13,6,104555.70932504951,382.85,,1450,3,203.0,2000.0,31801.02622,31827.30802961274,26.28180961
1451,17,7,27103.835056763248,382.85,,1451,0,204.0,2000.0,31801.02624,42643.86996581195,10842.84373
1452,14,6,99207.08061217822,382.85,,1452,2,201.0,3000.0,31801.02678,31859.534990662698,58.50821066
1453,12,6,103596.3380379208,382.85,,1453,4,243.6,3000.0,31801.02686,31852.11053938681,51.08367939
1454,13,6,96706.04114009901,382.85,,1454,0,203.0,2000.0,31801.66267,31854.542621083743,52.87995108
1455,14,6,100543.16972108911,382.85,,1455,5,204.00000000000003,3000.0,31810.36873,34231.64494960784,2421.27622
1456,15,7,106879.2196760396,382.85,,1456,1,244.8,3000.0,31810.49336,34248.29432654303,2437.800967
1457,16,7,102530.29404534656,382.85,,1457,3,204.0,2000.0,31810.49593,34229.94479058824,2419.448861
1458,17,7,105521.38315425745,382.85,,1458,2,204.00000000000003,3000.0,31810.49635,34262.0793682825,2451.583018
1459,15,7,62152.15849960396,382.85,,1459,4,244.8,3000.0,31810.49687,34262.5441616652,2452.047292
1460,12,6,97763.54609059406,382.85,,1460,0,204.0,2000.0,31810.49768,34266.64799573348,2456.150316
1461,13,6,95854.70450643565,382.85,,1461,5,204.00000000000003,3000.0,31810.50381,33047.07287024656,1236.56906
1462,16,7,105930.78909485151,382.85,,1462,1,244.8,3000.0,31810.50601,33133.036363284074,1322.530353
1463,14,6,89517.35815069308,382.85,,1463,3,204.0,2000.0,31810.50727,33045.35228201126,1234.845012
1464,12,6,57578.79772534653,382.85,,1464,2,204.00000000000003,3000.0,31810.50793,33129.03146132329,1318.523531
1465,17,7,99546.7296889109,382.85,,1465,4,244.8,3000.0,31823.83189,31843.78533607843,19.95344608
1466,13,6,89614.74428930694,382.85,,1466,5,204.00000000000003,3000.0,31823.83514,31836.68350709394,12.84836709
1467,14,6,63700.748197722765,382.85,,1467,3,202.0,2000.0,31861.01646,31874.284776831682,13.26831683
1468,15,7,79489.12440227723,382.85,,1468,4,242.39999999999998,3000.0,31921.00486,31932.768226336633,11.76336634
1469,16,7,106933.68502257425,382.85,,1469,5,201.99999999999997,3000.0,31981.01771,32003.409789207923,22.39207921
1470,17,7,99408.21483742575,382.85,,1470,3,202.0,2000.0,32041.00864,32052.960125148515,11.95148515
1471,15,7,32330.997952299072,382.85,,1471,4,242.39999999999998,3000.0,32100.99842,32119.251885346534,18.25346535
1472,5,3,25273.055814554453,383.4005,,1472,5,201.0,3000.0,32101.0228,52582.70883424349,20481.68603
1473,3,3,26891.938630588233,383.4005,,1473,3,203.0,2000.0,32101.02301,32146.389499852216,45.36648985
1474,1,2,27933.68340691542,383.4005,,1474,4,244.8,3000.0,32101.02317,55203.1328506818,23102.10968
1475,2,2,25334.281216831685,383.641,,1475,0,201.0,2000.0,32101.02344,32120.501549452736,19.47810945
1476,0,2,25396.88968079208,383.8815,,1476,5,203.0,3000.0,32101.02349,32136.187845937668,35.16435594
1477,1,2,25452.758186336632,383.8815,,1477,3,202.0,2000.0,32160.99088,32173.036424554455,12.04554455
1478,2,2,25512.567605148517,384.3625,,1478,4,242.39999999999998,3000.0,32221.0042,32238.881427722772,17.87722772
1479,4,3,42202.52247263681,384.3625,,1479,5,201.99999999999997,3000.0,32280.99593,32302.165236930694,21.16930693
1480,0,2,25716.547438557216,384.3625,,1480,3,202.0,2000.0,32341.01777,32353.251433366335,12.23366337
1481,5,3,25636.84342359606,384.3625,,1481,4,242.39999999999998,3000.0,32400.99614,33545.975395544556,1144.979256
1482,1,2,25667.43842991806,384.3625,,1482,5,201.0,3000.0,32401.02546,32476.991674626865,75.96621463
1483,3,3,39710.07367899327,384.3625,,1483,1,241.2,3000.0,32401.02677,32505.75825997161,104.73149
1484,2,2,25572.774996336633,384.603,,1484,3,201.0,2000.0,32401.19642,53508.95949271583,21107.76307
1485,0,2,25633.231533366335,384.603,,1485,2,204.00000000000003,3000.0,32401.19673,47169.03626452151,14767.83953
1486,1,2,25693.80316980198,385.084,,1486,4,240.0,3000.0,32401.21522,32417.436850000002,16.22163
1487,2,2,25753.51665158416,385.3245,,1487,0,203.0,2000.0,32401.21741,32473.63527197044,72.41786197
1488,0,2,25812.9553407555,385.565,,1488,5,203.0,3000.0,32401.25857,32689.935467253938,288.6768973
1489,1,2,38219.20608258509,385.565,,1489,1,242.39999999999998,3000.0,32401.25914,32666.537185220262,265.2780452
1490,2,2,25812.82167738916,385.565,,1490,3,203.0,2000.0,32401.25918,32679.639900751474,278.3807208
1491,0,2,25828.897939086473,385.565,,1491,2,201.0,3000.0,32401.91643,32658.26490799254,256.348478
1492,4,3,46652.56865647059,385.565,,1492,4,244.8,3000.0,32402.90199,32588.158852745095,185.2568627
1493,5,3,25839.501169452735,385.565,,1493,0,204.0,2000.0,32402.90793,32592.742372156867,189.8344422
1494,3,3,25856.506144577113,385.565,,1494,5,204.00000000000003,3000.0,32402.90998,32588.386499803917,185.4765198
1495,1,2,25874.642381044774,385.565,,1495,1,244.8,3000.0,32402.91198,32590.787341764706,187.8753618
1496,2,2,25875.38946829664,385.8055,,1496,3,204.0,2000.0,32402.91216,32598.616891960777,195.704732
1497,0,2,25933.998068613862,386.046,,1497,2,204.00000000000003,3000.0,32402.91673,32503.39507589201,100.4783459
1498,1,2,25999.91962118812,386.2865,,1498,4,244.8,3000.0,32402.91963,32500.50563411765,97.58600412
1499,2,2,26051.92340168317,386.527,,1499,0,204.0,2000.0,32402.9202,32508.704338402986,105.7841384
1500,0,2,26118.317354756375,386.7675,,1500,5,204.00000000000003,3000.0,32402.92034,32497.432851097452,94.5125111
1501,1,2,36947.88474772277,386.7675,,1501,1,244.8,3000.0,32404.18425,32412.666602941175,8.482352941
1502,4,3,35130.385933429905,386.7675,,1502,3,204.0,2000.0,32404.18902,32413.695882745098,9.506862745
1503,2,2,26223.877602135854,386.7675,,1503,2,204.00000000000003,3000.0,32404.18919,32416.47814843137,12.28895843
1504,5,3,26253.782150295567,386.7675,,1504,3,202.0,2000.0,32415.44685,73420.73041868318,41005.28357
1505,0,2,26114.36190921182,386.7675,,1505,2,201.99999999999997,3000.0,32446.3445,113931.25953158418,81484.91503
1506,1,2,26171.933801683168,387.008,,1506,4,242.39999999999998,3000.0,32446.34511,114278.55066841583,81832.20556
1507,2,2,26232.57986434363,387.2485,,1507,0,202.0,2000.0,32446.34583,102603.68624465347,70157.34041
1508,0,2,26294.277106831683,387.489,,1508,5,201.99999999999997,3000.0,32446.36472,103637.60932673267,71191.24461
1509,1,2,26352.28991930693,387.489,,1509,1,242.39999999999998,3000.0,32446.36585,107046.97832386137,74600.61247
1510,2,2,26412.861425742576,387.97,,1510,3,202.0,2000.0,32446.36812,104676.90635643563,72230.53824
1511,0,2,26446.08964730951,387.97,,1511,2,201.99999999999997,3000.0,32446.37379,105524.85456148515,73078.48077
1512,3,3,26472.386768640048,387.97,,1512,4,242.39999999999998,3000.0,32446.38874,103833.94596039603,71387.55722
1513,1,2,44229.03695666667,387.97,,1513,0,202.0,2000.0,32456.73971,97936.41918000992,65479.67947
1514,2,2,26414.28999717115,387.97,,1514,5,201.99999999999997,3000.0,32456.74095,103195.36675247524,70738.6258
1515,4,3,26423.241922985075,387.97,,1515,1,242.39999999999998,3000.0,32456.74101,105930.05258128712,73473.31157
1516,0,2,44627.38541240777,387.97,,1516,3,202.0,2000.0,32456.74338,71703.90316356436,39247.15978
1517,5,3,26448.005469783104,387.97,,1517,2,201.99999999999997,3000.0,32456.74508,70879.25199468316,38422.50691
1518,1,2,26472.29961930693,388.2105,,1518,4,242.39999999999998,3000.0,32456.74543,78063.88455839606,45607.13913
1519,2,2,26539.92856118812,388.451,,1519,0,202.0,2000.0,32456.74655,80839.29401584159,48382.54747
1520,0,2,26595.95808262279,388.6915,,1520,5,201.99999999999997,3000.0,32456.74685,68267.59623287129,35810.84938
1521,1,2,26659.166195940594,388.932,,1521,1,242.39999999999998,3000.0,32456.74707,76221.63566964357,43764.8886
1522,2,2,26712.960815148515,389.1725,,1522,2,201.99999999999997,3000.0,32521.01438,32543.782696831684,22.76831683
1523,3,3,37875.78364940299,389.1725,,1523,0,202.0,2000.0,32581.07424,32594.71266918657,13.63842919
1524,4,3,37104.66949522095,389.1725,,1524,5,201.99999999999997,3000.0,32641.0088,32666.50483960396,25.4960396
1525,0,2,26906.696108476335,389.1725,,1525,3,202.0,2000.0,32701.01081,32727.071206039604,26.06039604
1526,1,2,26894.374032208947,389.1725,,1526,1,244.8,3000.0,32701.01399,45447.77243660228,12746.75845
1527,5,3,26872.29995211823,389.1725,,1527,4,241.2,3000.0,32701.01407,32730.877176188857,29.86310619
1528,2,2,26777.201618415842,389.413,,1528,2,203.0,3000.0,32701.01436,32723.20302995074,22.18866995
1529,0,2,26834.468035643567,389.6535,,1529,3,203.0,2000.0,32701.01461,32740.694076372085,39.67946637
1530,1,2,26892.48104811881,389.6535,,1530,4,242.39999999999998,3000.0,32761.01249,32793.186747425745,32.17425743
1531,2,2,26953.1467439604,390.1345,,1531,5,201.99999999999997,3000.0,32821.00433,32845.83427217822,24.82994218
1532,0,2,27012.37484069307,390.1345,,1532,3,202.0,2000.0,32881.00659,32900.38876821782,19.38217822
1533,3,3,40446.68328905473,390.375,,1533,4,242.39999999999998,3000.0,32941.02837,32955.425399702974,14.3970297
1534,1,2,27038.995530348246,390.375,,1534,5,201.99999999999997,3000.0,33001.00531,33016.42691623762,15.42160624
1535,4,3,27058.5866703512,390.375,,1535,4,243.6,3000.0,33001.0185,33034.604778677676,33.58627868
1536,2,2,40345.509128039215,390.375,,1536,1,243.6,3000.0,33001.01888,33044.81723083744,43.79835084
1537,5,3,27028.861453267327,390.375,,1537,5,201.0,3000.0,33001.01907,33017.26239585784,16.24332586
1538,0,2,27071.098729458125,390.375,,1538,2,201.0,3000.0,33001.02089,33065.57842486729,64.55753487
1539,3,3,27037.696897441998,390.375,,1539,3,201.0,2000.0,33001.03704,33068.58897313433,67.55193313
1540,1,2,27083.232543400238,390.375,,1540,0,204.0,2000.0,33004.28463,33223.08469858474,218.8000686
1541,4,3,27038.657488575,390.375,,1541,4,244.8,3000.0,33004.28645,33245.62769607843,241.3412461
1542,2,2,27790.827253990148,390.375,,1542,1,244.8,3000.0,33004.28748,33229.418031918074,225.1305519
1543,5,3,27350.478827213945,390.375,,1543,5,204.00000000000003,3000.0,33004.2875,33229.7955675927,225.5080676
1544,0,2,27349.828605202358,390.375,,1544,2,204.00000000000003,3000.0,33004.28849,33235.19744368278,230.9089537
1545,3,3,27350.478827213945,390.375,,1545,3,204.0,2000.0,33004.2886,33230.91801176471,226.6294118
1546,1,2,27216.45802126427,390.375,,1546,0,204.0,2000.0,33004.29102,33118.652949411764,114.3619294
1547,4,3,27207.79255270414,390.375,,1547,4,244.8,3000.0,33004.29243,33127.68728764706,123.3948576
1548,5,3,27073.79878980198,390.6155,,1548,1,244.8,3000.0,33004.29303,33122.099027843135,117.8059978
1549,2,2,27140.39556821782,390.856,,1549,5,204.00000000000003,3000.0,33004.29317,33126.10395431372,121.8107843
1550,0,2,27192.949055148514,390.856,,1550,2,204.00000000000003,3000.0,33005.66294,33012.37568509804,6.712745098
1551,1,2,27257.00182960396,391.337,,1554,4,242.39999999999998,3000.0,33018.31841,49822.434020256536,16804.11561
1552,2,2,27312.672806930692,391.5775,,1555,5,201.99999999999997,3000.0,33018.32409,57366.760078562686,24348.43599
1553,3,3,38133.79670940299,391.5775,,1556,0,202.0,2000.0,33018.32699,88649.0061731062,55630.67918
1554,4,3,37541.15632168861,391.5775,,1559,4,242.39999999999998,3000.0,33061.00797,33080.66164107732,19.65367108
1555,5,3,27319.084329004978,391.5775,,1560,5,204.00000000000003,3000.0,33065.6636,33070.31724193152,4.653641932
1556,0,2,27334.697437472565,391.5775,,1561,3,204.0,2000.0,33065.6653,33075.532928206034,9.867628206
1557,3,3,27327.41437826606,391.5775,,1562,4,242.39999999999998,3000.0,33078.31705,82172.80462425743,49094.48757
1558,4,3,27374.0865380198,391.818,,1563,5,201.99999999999997,3000.0,33078.32758,85893.23036683169,52814.90279
1559,5,3,27433.325332772274,391.818,,1564,1,242.39999999999998,3000.0,33078.32942,88208.52102459135,55130.1916
1560,3,3,27493.81149980198,392.299,,1565,3,202.0,2000.0,33121.00473,33136.05362428072,15.04889428
1561,4,3,27552.31037930693,392.5395,,1566,2,201.99999999999997,3000.0,33180.99591,33194.45234564356,13.45643564
1562,5,3,27620.490747623764,392.78,,1567,0,202.0,2000.0,33240.99691,33253.03453882353,12.03762882
1563,1,2,27668.424232777244,392.78,,1568,1,242.39999999999998,3000.0,33301.01065,33318.50122599863,17.490576
1564,3,3,27651.963384439685,392.78,,1569,4,243.6,3000.0,33301.01995,33359.513325237844,58.49337524
1565,2,2,27630.80234222998,392.78,,1570,1,243.6,3000.0,33301.02055,33314.22399827586,13.20344828
1566,4,3,35078.25658019607,392.78,,1571,5,201.0,3000.0,33301.02056,33337.986231641786,36.96567164
1567,0,2,27621.430464285713,392.78,,1572,2,201.99999999999997,3000.0,33360.9972,33373.88927920792,12.89207921
1568,5,3,37622.6911641791,392.78,,1573,0,202.0,2000.0,33421.00325,33433.04879455446,12.04554455
1569,1,2,27612.844257389163,392.78,,1574,1,242.39999999999998,3000.0,33481.00595,33509.70000940594,28.69405941
1570,2,2,27673.414331787146,393.0205,,1575,2,201.99999999999997,3000.0,33541.01313,33554.84580326732,13.83267327
1571,0,2,27738.228331881186,393.261,,1576,4,241.2,3000.0,33601.01836,33799.901176368156,198.8828164
1572,1,2,27792.3025015149,393.5015,,1577,0,203.0,2000.0,33601.01845,33808.14167881773,207.1232288
1573,2,2,27868.951064158417,393.742,,1578,5,204.00000000000003,3000.0,33601.01869,51707.54966324261,18106.53097
1574,0,2,27913.432222178217,393.9825,,1579,1,243.6,3000.0,33601.01905,33706.59047615519,105.5714262
1575,1,2,27940.991864626863,393.9825,,1580,3,201.0,2000.0,33601.02685,33644.12158769223,43.09473769
1576,2,2,38747.37144084577,393.9825,,1581,2,201.0,3000.0,33601.02752,33653.117569751244,52.09004975
1577,0,2,38870.89283473514,393.9825,,1582,4,242.39999999999998,3000.0,33601.02974,33614.768353861386,13.73861386
1578,1,2,27930.21054730137,393.9825,,1583,5,201.99999999999997,3000.0,33661.00621,33672.769576336636,11.76336634
1579,3,3,27912.762571330048,393.9825,,1584,0,201.0,2000.0,33718.53307,45156.811652288554,11438.27858
1580,2,2,27973.616980990097,394.223,,1585,3,204.0,2000.0,33718.84645,35532.41104078432,1813.564591
1581,0,2,28034.005398613863,394.4635,,1586,1,242.39999999999998,3000.0,33720.99744,33735.48852910891,14.49108911
1582,1,2,28093.337882772277,394.704,,1587,2,201.99999999999997,3000.0,33781.0136,33799.361124752475,18.34752475
1583,2,2,28154.744843861386,394.9445,,1588,0,202.0,2000.0,33841.01367,33852.40079871287,11.38712871
1584,0,2,28212.865985742574,395.185,,1589,1,242.39999999999998,3000.0,33901.01121,33912.95563633663,11.94442634
1585,1,2,28252.806284250037,395.185,,1590,5,203.0,3000.0,33901.22999,35256.119482433656,1354.889492
1586,2,2,28275.77551079602,395.185,,1591,2,203.0,3000.0,33901.29227,35302.79477140602,1401.502501
1587,4,3,28250.7416391133,395.185,,1592,3,201.0,2000.0,33901.29231,35436.065956119404,1534.773646
1588,0,2,39019.75532042728,395.185,,1593,1,242.39999999999998,3000.0,33961.02351,33971.94034168317,10.91683168
1589,5,3,39134.10007239453,395.185,,1594,2,201.99999999999997,3000.0,34021.02044,34037.863014257426,16.84257426
1590,3,3,28221.5495208867,395.185,,1595,0,202.0,2000.0,34081.00668,34093.240343366335,12.23366337
1591,1,2,28240.801309125658,395.185,,1596,1,242.39999999999998,3000.0,34141.01334,34153.717300396034,12.7039604
1592,2,2,28274.473125643566,395.4255,,1597,2,201.99999999999997,3000.0,34201.00926,34228.19836891089,27.18910891
1593,0,2,28336.893880198022,395.4255,,1598,0,203.0,2000.0,34201.0159,34243.406461928906,42.39056193
1594,1,2,28394.363196237624,395.9065,,1599,3,203.0,2000.0,34201.01611,34221.80083906404,20.78472906
1595,2,2,28452.39377871287,396.147,,1600,1,242.39999999999998,3000.0,34201.01628,34253.868583968775,52.85230397
1596,0,2,28513.237373366337,396.3875,,1601,4,241.2,3000.0,34201.01657,34235.137298920105,34.12072892
1597,1,2,39097.07448411765,396.3875,,1602,2,201.0,3000.0,34201.02532,34294.96598493473,93.94066493
1598,4,3,37491.8474981592,396.3875,,1603,5,201.0,3000.0,34201.02536,34286.18226792148,85.15690792
1599,5,3,28550.99247729064,396.3875,,1605,1,242.39999999999998,3000.0,34261.01216,34272.30618320326,11.2940232
1600,2,2,28540.799562421063,396.3875,,1606,3,203.0,2000.0,34261.326,34283.31756067998,21.99156068
1601,3,3,28515.997403399015,396.3875,,1607,2,201.99999999999997,3000.0,34321.01953,34338.70863891089,17.68910891
1602,0,2,28573.052034554454,396.628,,1608,0,202.0,2000.0,34381.00826,34393.52410158416,12.51584158
1603,1,2,28640.00958059406,396.8685,,1609,1,242.39999999999998,3000.0,34441.01371,34457.00974960396,15.9960396
1604,2,2,28693.149163960396,397.109,,1610,2,201.99999999999997,3000.0,34501.00419,34512.767556336636,11.76336634
1605,0,2,28767.533333069307,397.3495,,1611,0,204.0,2000.0,34501.03042,48483.69270300849,13982.66228
1606,1,2,29567.872852778615,397.59,,1612,4,243.6,3000.0,34501.03069,34539.13069,38.1
1607,4,3,28905.284684610117,397.59,,1613,1,241.2,3000.0,34501.03094,34530.49392449584,29.4629845
1608,2,2,28870.86093766169,397.59,,1614,3,201.0,2000.0,34501.03119,48564.05432672917,14063.02314
1609,5,3,28834.01784,397.59,,1615,2,201.99999999999997,3000.0,34561.00706,34573.05260455446,12.04554455
1610,0,2,28841.30253270936,397.59,,1616,0,202.0,2000.0,34621.00362,34633.33134277228,12.32772277
1611,3,3,29060.05834149254,397.59,,1617,1,242.39999999999998,3000.0,34681.00628,34708.00727009901,27.0009901
1612,1,2,29114.79011679803,397.59,,1618,2,201.99999999999997,3000.0,34741.01328,34760.583577029705,19.57029703
1613,4,3,29066.25373219469,397.59,,1619,0,202.0,2000.0,34801.00572,34813.23938336634,12.23366337
1614,2,2,42994.192340017034,397.59,,1620,1,243.6,3000.0,34801.02677,34834.791107504265,33.7643375
1615,5,3,43210.17958881986,397.59,,1621,4,244.8,3000.0,34801.02703,47445.0547545098,12644.02772
1616,0,2,29043.628264394363,397.59,,1622,2,203.0,3000.0,34801.02733,34856.504131011934,55.47680101
1617,3,3,28873.234933366337,397.6157,,1623,5,201.0,3000.0,34801.02741,47198.188540451956,12397.16113
1618,4,3,28933.1382439604,397.6157,,1625,1,241.2,3000.0,34801.03656,34842.31295729015,41.27639729
1619,5,3,28995.02701207921,397.667,,1626,3,201.0,2000.0,34801.03771,34854.45114283582,53.41343284
1620,3,3,29052.21326990099,397.6927,,1627,2,201.99999999999997,3000.0,34860.99776,34873.69547768829,12.69771769
1621,4,3,29114.747713861387,397.7183,,1628,0,201.0,2000.0,34861.02755,34872.84894303483,11.82139303
1622,5,3,29171.901677512436,397.7183,,1629,1,242.39999999999998,3000.0,34921.01025,34932.575572543195,11.56532254
1623,1,2,40190.74932411765,397.7183,,1630,2,201.99999999999997,3000.0,34981.00868,34999.16808594059,18.15940594
1624,2,2,37205.13825177781,397.7183,,1631,0,202.0,2000.0,35041.00239,35052.953875148516,11.95148515
1625,3,3,29133.11224588109,397.7183,,1632,1,242.39999999999998,3000.0,35100.99582,35112.66512693069,11.66930693
1626,0,2,29124.32872778325,397.7183,,1633,0,201.0,2000.0,35101.04305,47573.49662457712,12472.45357
1627,4,3,29172.377908031624,397.744,,1634,1,243.6,3000.0,35101.04324,35115.03458505877,13.99134506
1628,5,3,29237.302067821784,397.7697,,1635,2,203.0,3000.0,35101.04337,35145.73409244793,44.69072245
1629,3,3,29295.02023207921,397.7697,,1636,4,241.2,3000.0,35101.04362,35137.341157310504,36.29753731
1630,4,3,29361.23557287129,397.821,,1638,1,242.39999999999998,3000.0,35220.9999,35236.1494049505,15.14950495
1631,5,3,29413.1537939604,397.8467,,1639,2,201.99999999999997,3000.0,35221.0089,35249.307820792084,28.29892079
1632,3,3,40571.56402329284,397.8467,,1641,1,242.39999999999998,3000.0,35340.99498,35356.32496277227,15.32998277
1633,1,2,40427.57481745098,397.8467,,1642,2,201.99999999999997,3000.0,35340.99724,35353.41902217821,12.42178218
1634,2,2,29426.105067783254,397.8467,,1644,1,241.2,3000.0,35401.01575,47290.75268243196,11889.73693
1635,4,3,29415.70551809833,397.8467,,1645,2,203.0,3000.0,35401.01586,35430.214842167494,29.19898217
1636,5,3,29459.998806007156,397.8467,,1647,2,203.0,3000.0,35401.01632,35423.007981182265,21.99166118
1637,0,2,29461.31899813151,397.8467,,1648,5,201.0,3000.0,35401.02118,35463.879872189056,62.85869219
1638,3,3,29474.175171492538,397.8467,,1650,1,243.6,3000.0,35409.13606,36100.80671901478,691.670659
1639,4,3,29478.694973472735,397.8723,,1651,2,201.99999999999997,3000.0,35461.00509,35476.71895138614,15.71386139
1640,5,3,29533.91012920792,397.898,,1652,3,201.0,2000.0,35461.01594,35500.90227452736,39.88633453
1641,3,3,29593.332992772277,397.9237,,1654,1,241.2,3000.0,35461.02185,35519.325916560265,58.30406656
1642,4,3,29653.996218613862,397.9493,,1655,4,242.39999999999998,3000.0,35521.00908,35535.30212989323,14.29304989
1643,5,3,29712.293159306933,397.975,,1656,2,201.99999999999997,3000.0,35521.01683,35538.799998316834,17.78316832
1644,1,2,40532.862336268656,397.975,,1657,5,201.99999999999997,3000.0,35581.06338,35597.34159782178,16.27821782
1645,3,3,29915.236877093597,397.975,,1658,3,202.0,2000.0,35641.00763,35661.70663990099,20.6990099
1646,4,3,29929.187125849818,397.975,,1659,4,242.39999999999998,3000.0,35700.99921,35720.75762584159,19.75841584
1647,2,2,29899.269507142857,397.975,,1660,5,201.0,3000.0,35701.04301,35752.79742683661,51.75441684
1648,0,2,40128.80882228243,397.975,,1662,1,243.6,3000.0,35701.04343,35717.14835610837,16.10492611
1649,5,3,29774.273666831683,398.0007,,1663,5,201.99999999999997,3000.0,35761.00328,35774.0834780198,13.08019802
1650,3,3,29833.43054217822,398.0263,,1664,3,203.0,2000.0,35761.04318,35784.39874895576,23.35556896
1651,4,3,29893.254213366337,398.052,,1665,4,242.39999999999998,3000.0,35821.0086,35840.39077821782,19.38217822
1652,5,3,29952.959015148514,398.0777,,1666,5,201.99999999999997,3000.0,35881.01431,35895.88163673267,14.86732673
1653,3,3,30021.13210861386,398.1033,,1667,3,202.0,2000.0,35941.00888,35954.5593750495,13.55049505
1654,4,3,30047.321904278604,398.1033,,1668,4,242.39999999999998,3000.0,36001.00947,36871.51979927669,870.5103293
1655,1,2,41993.63042,398.1033,,1669,5,201.0,3000.0,36001.02974,36090.99482651741,89.96508652
1656,2,2,30061.160250895522,398.1033,,1670,2,203.0,3000.0,36001.03332,36061.02371123153,59.99039123
1657,5,3,30102.232387093598,398.1033,,1671,3,204.0,2000.0,36001.03334,48234.57978986616,12233.54645
1658,0,2,30083.401630205866,398.1033,,1673,1,242.39999999999998,3000.0,36001.03369,36026.24046,25.20677
1659,3,3,43007.46245074137,398.1033,,1674,4,241.2,3000.0,36001.03413,36018.81074691542,17.77661692
1660,4,3,30028.819062423525,398.1033,,1675,2,201.0,3000.0,36001.0342,48947.4004643108,12946.36626
1661,5,3,30074.927592673266,398.129,,1676,5,201.0,3000.0,36001.04066,36103.94507527363,102.9044153
1662,3,3,30132.577867524753,398.1547,,1678,1,243.6,3000.0,36001.24046,36069.93627566503,68.69581566
1663,4,3,30194.189157425742,398.1803,,1679,3,202.0,2000.0,36033.47109,117810.24927138614,81776.77818
1664,5,3,30252.12347049505,398.206,,1680,2,201.99999999999997,3000.0,36033.4712,124709.8902162376,88676.41902
1665,3,3,30317.580746039603,398.2317,,1681,4,242.39999999999998,3000.0,36033.47373,108833.93996752476,72800.46624
1666,4,3,41872.74151542288,398.2317,,1683,1,242.39999999999998,3000.0,36033.47537,124412.47437465345,88378.999
1667,5,3,30499.428380696518,398.2317,,1684,5,201.99999999999997,3000.0,36033.47576,106430.06477227723,70396.58901
1668,1,2,44651.01286338816,398.2317,,1685,2,201.99999999999997,3000.0,36033.47677,123102.28130534652,87068.80454
1669,2,2,30531.18088330049,398.2317,,1686,3,202.0,2000.0,36033.47684,101271.94100990098,65238.46417
1670,3,3,30522.558945865254,398.2317,,1689,1,242.39999999999998,3000.0,36044.90727,88183.48142063095,52138.57415
1671,4,3,30371.541114059408,398.2573,,1690,4,242.39999999999998,3000.0,36044.9099,72121.4849469505,36076.57505
1672,5,3,30438.04344306931,398.283,,1691,2,201.99999999999997,3000.0,36044.91018,104441.83971,68396.92953
1673,3,3,30492.866925742575,398.3087,,1692,5,201.99999999999997,3000.0,36044.91119,104873.44100990098,68828.52982
1674,4,3,30567.251724851485,398.3343,,1696,2,201.99999999999997,3000.0,36044.9151,109485.07238326731,73440.15728
1675,5,3,30616.24814069307,398.36,,1698,5,203.0,3000.0,36061.03346,36104.92537084013,43.89191084
1676,3,3,30668.97377114428,398.36,,1700,1,242.39999999999998,3000.0,36093.47513,96967.39937802972,60873.92425
1677,0,2,30669.070815277104,398.36,,1702,2,201.99999999999997,3000.0,36104.91338,101126.48409282179,65021.57071
1678,4,3,40576.887552704604,398.36,,1704,1,242.39999999999998,3000.0,36104.93697,95276.35977406932,59171.4228
1679,5,3,30637.513545338734,398.36,,1706,4,240.0,3000.0,36121.22794,36151.91794,30.69
1680,1,2,43418.16662146003,398.36,,1708,4,242.39999999999998,3000.0,36181.0037,36197.18785841584,16.18415842
1681,2,2,30617.212128415842,398.36,,1709,5,201.99999999999997,3000.0,36181.08236,36198.68290792079,17.60054792
1682,3,3,30645.43891847306,398.36,,1711,4,242.39999999999998,3000.0,36241.01361,36252.58885752475,11.57524752
1683,0,2,30659.414098859193,398.36,,1712,5,201.99999999999997,3000.0,36284.91391,61792.87546854392,25507.96156
1684,4,3,30615.299830689655,398.36,,1714,4,241.2,3000.0,36301.06905,50581.88015915423,14280.81111
1685,5,3,30677.27080084725,398.3857,,1715,5,204.00000000000003,3000.0,36301.08243,54916.68677225043,18615.60434
1686,3,3,30732.573897524755,398.3857,,1716,2,201.0,3000.0,36301.08279,36382.381794975125,81.29900498
1687,4,3,30793.051814554456,398.437,,1718,4,243.6,3000.0,36301.08319,36317.18811610837,16.10492611
1688,5,3,30857.385487227722,398.4627,,1719,5,201.99999999999997,3000.0,36361.01077,36377.100869009904,16.09009901
1689,3,3,30912.580017524753,398.4883,,1722,2,201.99999999999997,3000.0,36421.00447,36437.94110366337,16.93663366
1690,4,3,30914.38789929815,398.4883,,1724,4,243.6,3000.0,36421.08307,36453.28651827586,32.20344828
1691,1,2,30939.505169452736,398.4883,,1727,2,201.99999999999997,3000.0,36541.00727,36560.483507623765,19.47623762
1692,5,3,42277.900022388065,398.4883,,1728,5,201.99999999999997,3000.0,36541.01579,36552.59103752475,11.57524752
1693,3,3,30931.983958411452,398.4883,,1731,2,201.99999999999997,3000.0,36601.01655,36614.83943222114,13.82288222
1694,2,2,42098.84610627451,398.4883,,1733,4,243.6,3000.0,36601.02389,36623.118963891626,22.09507389
1695,4,3,30972.21222990099,398.514,,1735,2,203.0,3000.0,36601.02461,36612.73052133005,11.70591133
1696,5,3,31038.798158316833,398.5397,,1736,5,201.0,3000.0,36601.02599,36644.31299374237,43.28700374
1697,3,3,31092.39393871287,398.5653,,1739,2,201.99999999999997,3000.0,36661.01407,36673.43585217821,12.42178218
1698,4,3,31152.582367524752,398.591,,1741,4,244.8,3000.0,36661.02446,48365.11402822171,11704.08957
1699,5,3,31212.579547524754,398.6167,,1744,2,201.99999999999997,3000.0,36721.00752,36738.88474772277,17.87722772
1700,3,3,31232.00740822127,398.6167,,1747,2,201.99999999999997,3000.0,36780.99957,36793.13917396039,12.13960396
1701,0,2,59567.06911378841,398.6167,,1750,2,201.0,3000.0,36781.02623,36835.348129184276,54.32189918
1702,4,3,31250.69892980418,398.6167,,1753,2,201.0,3000.0,36841.02375,36872.12872512438,31.10497512
1703,5,3,31262.679225370684,398.6167,,1757,2,201.99999999999997,3000.0,36901.01425,36912.495438118814,11.48118812
1704,1,2,62336.692048097844,398.6167,,1758,5,203.0,3000.0,36901.01426,36920.11426,19.1
1705,2,2,31257.351362985075,398.6167,,1761,2,201.99999999999997,3000.0,36961.00608,36972.86350574257,11.85742574
1706,0,2,31233.087681393034,398.6167,,1763,4,241.2,3000.0,36961.01395,36990.60648731343,29.59253731
1707,3,3,31272.946552103356,398.6423,,1766,2,201.99999999999997,3000.0,37021.00289,37032.76625633664,11.76336634
1708,4,3,31346.233491386138,398.668,,1767,5,201.99999999999997,3000.0,37021.00691,37033.71087039603,12.7039604
1709,5,3,31396.146965544554,398.6937,,1770,2,201.99999999999997,3000.0,37081.0067,37094.18095742574,13.17425743
1710,3,3,31452.877005742575,398.7193,,1774,2,203.0,3000.0,37141.01443,37152.72034133005,11.70591133
1711,4,3,31513.42178217822,398.745,,1777,2,201.99999999999997,3000.0,37201.0113,37213.425380490684,12.41408049
1712,5,3,31552.703575183637,398.745,,1778,4,241.2,3000.0,37201.02113,37271.912802139304,70.89167214
1713,3,3,47881.976011648694,398.745,,1781,2,203.0,3000.0,37201.02157,37224.405676057184,23.38410606
1714,1,2,44900.45841845771,398.745,,1786,2,201.99999999999997,3000.0,37261.00866,37278.22747188119,17.21881188
1715,4,3,31514.101585133885,398.745,,1789,2,201.0,3000.0,37261.02613,37305.435526803456,44.4093968
1716,2,2,31524.429178719212,398.745,,1790,5,201.0,3000.0,37261.02723,37315.001727014926,53.97449701
1717,5,3,31575.123271485147,398.7707,,1793,2,201.99999999999997,3000.0,37321.01456,37333.71852039604,12.7039604
1718,3,3,31633.989978613863,398.7963,,1797,2,201.99999999999997,3000.0,37381.01153,37392.30459930693,11.29306931
1719,4,3,31694.640284455443,398.7963,,1798,5,203.0,3000.0,37381.02132,37395.72230522167,14.70098522
1720,5,3,31754.087658019802,398.8477,,1801,2,201.99999999999997,3000.0,37441.01825,37458.61329950495,17.5950495
1721,3,3,31815.11591138614,398.8733,,1803,4,242.39999999999998,3000.0,37501.0024,37532.324036529724,31.32163653
1722,4,3,31850.91966443664,398.8733,,1806,2,203.0,3000.0,37501.02427,37523.306536009855,22.28226601
1723,5,3,31827.570991217803,398.8733,,1807,5,201.0,3000.0,37501.02459,56253.14499562189,18752.12041
1724,3,3,31827.30802961274,398.8733,,1811,4,242.39999999999998,3000.0,37561.00118,37574.17543742574,13.17425743
1725,0,2,40621.631077058824,398.8733,,1812,2,201.99999999999997,3000.0,37561.01495,37572.49613811881,11.48118812
1726,1,2,42294.25904159789,398.8733,,1813,5,201.0,3000.0,37561.024,37596.44409414216,35.42009414
1727,2,2,31859.534990662698,398.8733,,1817,4,242.39999999999998,3000.0,37621.0058,37633.41888695138,12.41308695
1728,4,3,31852.11053938681,398.8733,,1818,2,203.0,3000.0,37621.02461,37634.22805827586,13.20344828
1729,0,2,31854.542621083743,398.8733,,1820,4,242.39999999999998,3000.0,37681.00753,37692.77089633664,11.76336634
1730,5,3,34231.64494960784,398.8733,,1821,5,201.99999999999997,3000.0,37740.99376,37754.26207683168,13.26831683
1731,1,2,34248.29432654303,398.8733,,1824,4,242.39999999999998,3000.0,37801.00341,37818.50440009901,17.5009901
1732,3,3,34229.94479058824,398.8733,,1826,2,201.0,3000.0,37801.03159,38481.151356216935,680.1197662
1733,2,2,34260.92740749819,398.8733,,1827,5,203.0,3000.0,37801.05041,37871.19870768473,70.14829768
1734,4,3,34262.5441616652,398.8733,,1829,2,203.0,3000.0,37801.05102,37833.441660394084,32.39064039
1735,0,2,34266.64799573348,398.8733,,1831,4,244.8,3000.0,37801.05122,52303.11679444249,14502.06557
1736,5,3,34230.05479058824,398.8733,,1834,2,201.99999999999997,3000.0,37861.00807,37874.268712871286,13.26064287
1737,3,3,34228.577143529415,398.8733,,1835,5,201.0,3000.0,37861.03122,38506.83739880254,645.8061788
1738,4,3,34259.50004401815,398.8733,,1838,2,203.0,3000.0,37861.14,37874.370446237626,13.23044624
1739,5,3,33047.07287024656,398.8733,,1841,2,201.0,3000.0,37921.05048,37935.890349880014,14.83986988
1740,1,2,34229.70202843137,398.8733,,1845,2,201.99999999999997,3000.0,37981.0095,37998.60454950495,17.5950495
1741,2,2,34262.0793682825,398.8733,,1846,4,242.39999999999998,3000.0,37981.05115,38025.170951980195,44.11980198
1742,0,2,34262.86368200799,398.8733,,1849,2,201.99999999999997,3000.0,38041.00451,38052.67381693069,11.66930693
1743,1,2,33133.036363284074,398.8733,,1852,2,201.99999999999997,3000.0,38101.00481,38121.89193871287,20.88712871
1744,3,3,33045.35228201126,398.8733,,1853,5,201.0,3000.0,38101.02059,38315.78190402985,214.761314
1745,2,2,33129.03146132329,398.8733,,1856,2,201.0,3000.0,38101.02097,51005.683444179114,12904.66247
1746,4,3,31843.78533607843,398.8733,,1859,2,201.99999999999997,3000.0,38161.00038,38173.516221584156,12.51584158
1747,5,3,31841.829453725488,398.8733,,1861,4,243.6,3000.0,38161.02071,38343.06269220719,182.0419822
1748,3,3,31836.898081176467,398.8733,,1864,2,201.99999999999997,3000.0,38220.99982,38239.06516653465,18.06534653
1749,4,3,31837.66278705882,398.8733,,1866,1,242.39999999999998,3000.0,38221.00381,38239.06516653465,18.06135653
1750,5,3,31836.68350709394,398.8733,,1867,2,203.0,3000.0,38221.02076,38413.14769730718,192.1269373
1751,3,3,31874.284776831682,398.899,,1868,5,204.00000000000003,3000.0,38221.02097,51523.53005539947,13302.50909
1752,4,3,31932.768226336633,398.9247,,1870,1,242.39999999999998,3000.0,38281.00454,38293.23820336634,12.23366337
1753,5,3,32003.409789207923,398.9503,,1871,2,201.99999999999997,3000.0,38341.0014,38353.23506336634,12.23366337
1754,3,3,32052.960125148515,398.976,,1873,1,242.39999999999998,3000.0,38401.00281,38426.67740027748,25.67459028
1755,4,3,32119.251885346534,398.976,,1875,5,203.0,3000.0,38401.01978,38417.49909034483,16.47931034
1756,5,3,52582.70883424349,399.0017,,1876,2,201.0,3000.0,38401.02003,38448.263614886455,47.24358489
1757,3,3,32146.389499852216,399.0017,,1878,4,241.2,3000.0,38401.02025,38457.638393827416,56.61814383
1758,4,3,55203.1328506818,399.0017,,1881,2,201.99999999999997,3000.0,38461.0048,38473.23846336634,12.23366337
1759,0,2,32120.501549452736,399.0017,,1883,1,244.8,3000.0,38461.02029,49659.72794,11198.70765
1760,5,3,32136.187845937668,399.0017,,1884,5,201.99999999999997,3000.0,38461.03063,38475.05142207921,14.02079208
1761,3,3,32173.036424554455,399.0017,,1885,2,201.0,3000.0,38461.03761,38505.90259999803,44.86499
1762,4,3,32238.881427722772,399.053,,1888,2,201.99999999999997,3000.0,38580.99922,38593.985358613856,12.98613861
1763,5,3,32302.165236930694,399.053,,1890,4,243.6,3000.0,38581.02005,38616.21857216749,35.19852217
1764,3,3,32353.251433366335,399.1043,,1891,0,202.0,2000.0,38641.00619,38658.97747712871,17.97128713
1765,4,3,33545.975395544556,399.1043,,1893,2,201.99999999999997,3000.0,38701.00889,38726.5892080198,25.58031802
1766,5,3,32476.991674626865,399.13,,1894,0,202.0,2000.0,38701.00901,38714.27732683168,13.26831683
1767,1,2,32505.75825997161,399.13,,1896,5,203.0,3000.0,38701.01459,38785.63183137931,84.61724138
1768,3,3,47475.442814211296,399.13,,1898,2,201.99999999999997,3000.0,38761.00715,38772.95863514851,11.95148515
1769,2,2,45788.08528412935,399.13,,1899,0,203.0,2000.0,38761.01415,38941.64266523295,180.6285152
1770,4,3,32417.436850000002,399.13,,1901,2,201.0,3000.0,38821.0147,38993.239680158316,172.2249802
1771,0,2,32473.63527197044,399.13,,1903,4,242.39999999999998,3000.0,38880.99639,38899.6260929703,18.62970297
1772,5,3,32689.935467253938,399.13,,1905,5,201.99999999999997,3000.0,38941.00838,38953.33610277228,12.32772277
1773,1,2,32666.537185220262,399.13,,1907,2,201.99999999999997,3000.0,39001.01071,39013.33843277228,12.32772277
1774,3,3,32679.639900751474,399.13,,1908,0,201.0,2000.0,39001.01981,39112.07945924203,111.0596492
1775,2,2,32658.26490799254,399.13,,1909,4,243.6,3000.0,39001.02001,39119.6970873199,118.6770773
1776,4,3,32588.054653725492,399.13,,1911,2,203.0,3000.0,39001.02039,39141.58769903904,140.567309
1777,0,2,32588.059899607844,399.13,,1912,5,201.99999999999997,3000.0,39001.02044,39019.17984594059,18.15940594
1778,5,3,32588.268852745092,399.13,,1915,2,203.0,3000.0,39019.55719,39926.12477538604,906.5675854
1779,1,2,32592.276685882356,399.13,,1917,4,244.8,3000.0,39023.31901,39567.09545714424,543.7764471
1780,2,2,32583.710458431375,399.13,,1920,2,204.00000000000003,3000.0,39023.32109,39561.67532571525,538.3542357
1781,0,2,32592.742372156867,399.13,,1921,5,204.00000000000003,3000.0,39023.32159,39553.49251596777,530.170926
1782,1,2,32590.787341764706,399.13,,1926,2,204.00000000000003,3000.0,39023.33838,39395.77219588235,372.4338159
1783,3,3,32598.616891960777,399.13,,1930,5,204.00000000000003,3000.0,39026.72721,39406.15956371578,379.4323537
1784,2,2,32503.39507589201,399.13,,1935,2,201.0,3000.0,39061.02663,39116.323240336555,55.29661034
1785,4,3,32588.158852745095,399.13,,1940,5,204.00000000000003,3000.0,39083.32282,39450.64858159328,367.3257616
1786,5,3,32588.386499803917,399.13,,1943,2,204.00000000000003,3000.0,39083.33919,39580.49885512702,497.1596651
1787,3,3,32595.768852745092,399.13,,1947,0,202.0,2000.0,39121.00418,39133.42596217822,12.42178218
1788,4,3,32500.50563411765,399.13,,1948,4,241.2,3000.0,39121.02007,51488.40750637986,12367.38744
1789,0,2,32508.704338402986,399.13,,1950,2,201.0,3000.0,39121.04227,39187.736180199005,66.6939102
1790,5,3,32497.432851097452,399.13,,1951,0,204.0,2000.0,39143.31083,39613.689298823534,470.3784688
1791,1,2,32589.605969215685,399.13,,1952,5,204.00000000000003,3000.0,39143.32053,39422.541916656955,279.2213867
1792,2,2,32414.164642156862,399.13,,1955,2,204.00000000000003,3000.0,39146.72669,39360.56173901961,213.835049
1793,0,2,32420.311481764704,399.13,,1958,5,201.99999999999997,3000.0,39181.02314,39193.35086277228,12.32772277
1794,1,2,32412.666602941175,399.13,,1963,2,204.00000000000003,3000.0,39263.32214,39516.372654686566,253.0505147
1795,3,3,32413.695882745098,399.13,,1966,5,201.99999999999997,3000.0,39301.0163,39314.7477990099,13.73149901
1796,2,2,32416.47814843137,399.13,,1969,2,204.00000000000003,3000.0,39301.25687,65892.58702778102,26591.33016
1797,4,3,37922.36679504951,399.13,,1972,5,201.0,3000.0,39301.2577,66274.44435751194,26973.18666
1798,5,3,32858.022390990096,399.13,,1975,5,201.99999999999997,3000.0,39361.01809,39373.15769396039,12.13960396
1799,3,3,32821.76496524752,399.13,,1978,2,203.0,3000.0,39361.25749,39513.34995112238,152.0924611
1800,0,2,73279.9524080198,399.13,,1981,5,201.99999999999997,3000.0,39421.00466,39438.77954041933,17.77488042
1801,1,2,87177.41211370027,399.13,,1984,2,203.0,3000.0,39421.19121,39544.54995319424,123.3587432
1802,2,2,113864.91299693071,399.13,,1987,5,201.99999999999997,3000.0,39481.00782,39492.19816405941,11.19034406
1803,4,3,114278.55066841583,399.13,,1990,5,201.0,3000.0,39481.25757,39643.936253164145,162.6786832
1804,0,2,102157.33475950496,399.13,,1993,5,201.99999999999997,3000.0,39541.01225,39552.39937871287,11.38712871
1805,5,3,103637.60932673267,399.13,,1996,2,201.99999999999997,3000.0,39601.00057,39643.183576633666,42.18300663
1806,1,2,100253.94943935644,399.13,,1998,4,241.2,3000.0,39601.0161,39698.75455041557,97.73845042
1807,3,3,73420.73041868318,399.13,,2000,2,201.0,3000.0,39601.0163,39615.74380756219,14.72750756
1808,4,3,113932.37406978218,399.13,,2001,5,203.0,3000.0,39601.01656,39641.91376073891,40.89720074
1809,5,3,100336.08952475247,399.13,,2006,2,200.0,3000.0,39601.54224,39626.712568656716,25.17032866
1810,3,3,104676.90635643563,399.13,,2010,5,201.99999999999997,3000.0,39610.02746,92871.00759455445,53260.98013
1811,2,2,113931.25953158418,399.13,,2014,2,201.99999999999997,3000.0,39610.0356,119728.70209742575,80118.6665
1812,0,2,102603.68624465347,399.13,,2018,0,204.0,2000.0,39615.24132,39856.178140784315,240.9368208
1813,1,2,107046.97832386137,399.13,,2020,5,204.00000000000003,3000.0,39615.24381,39646.72053458882,31.47672459
1814,2,2,100432.2959740099,399.13,,2022,2,204.00000000000003,3000.0,39615.24793,39645.320831535624,30.07290154
1815,4,3,100104.40635643565,399.13,,2026,2,201.99999999999997,3000.0,39661.02274,39680.77209009318,19.74935009
1816,0,2,97936.41918000992,399.13,,2029,5,201.99999999999997,3000.0,39670.02396,122535.50669712872,82865.48274
1817,5,3,103195.36675247524,399.13,,2034,2,201.99999999999997,3000.0,39670.03579,51989.36577075242,12319.32998
1818,1,2,105930.05258128712,399.13,,2037,5,204.00000000000003,3000.0,39675.24336,39705.97504059116,30.73168059
1819,3,3,98849.25876916833,399.13,,2039,3,202.0,2000.0,39721.00109,40504.32255386139,783.3214639
1820,4,3,103833.94596039603,399.13,,2040,4,242.39999999999998,3000.0,39721.01599,39738.79915831683,17.78316832
1821,5,3,96989.4567889703,399.13,,2042,2,201.99999999999997,3000.0,39721.01705,39744.437471089106,23.42042109
1822,3,3,71703.90316356436,399.13,,2043,5,201.0,3000.0,39721.03247,39795.95686850746,74.92439851
1823,2,2,105524.85456148515,399.13,,2048,2,201.99999999999997,3000.0,39730.03664,102007.61198722773,62277.57535
1824,0,2,94398.32017010893,399.13,,2051,5,203.0,3000.0,39781.01657,39833.614836492656,52.59826649
1825,1,2,102526.92881891089,399.13,,2056,2,201.99999999999997,3000.0,39790.03741,121426.73180039604,81636.69439
1826,2,2,70879.25199468316,399.13,,2058,4,242.39999999999998,3000.0,39841.01452,39852.0156080198,11.00108802
1827,4,3,78063.88455839606,399.13,,2059,5,201.99999999999997,3000.0,39841.01925,39853.52046059406,12.50121059
1828,0,2,80839.29401584159,399.13,,2063,4,242.39999999999998,3000.0,39901.00124,39919.24501,18.24377
1829,5,3,68267.59623287129,399.13,,2064,5,201.0,3000.0,39901.02697,39942.30896375745,41.28199376
1830,1,2,76221.63566964357,399.13,,2065,0,203.0,2000.0,39901.02709,39925.93004566503,24.90295566
1831,3,3,44061.10492367307,399.13,,2069,5,204.00000000000003,3000.0,39915.24501,39945.97563042412,30.73062042
1832,4,3,33156.231842102505,399.1398,,2070,4,243.6,3000.0,39961.02719,40009.22563076038,48.19844076
1833,2,2,32543.782696831684,399.1497,,2072,5,201.99999999999997,3000.0,40021.01566,40033.061204554455,12.04554455
1834,0,2,32594.71266918657,399.1595,,2073,0,203.0,2000.0,40021.15053,40068.03941602917,46.88888603
1835,5,3,32666.50483960396,399.1693,,2076,2,201.99999999999997,3000.0,40141.01403,40153.529871584156,12.51584158
1836,3,3,32727.071206039604,399.1792,,2077,0,202.0,2000.0,40201.00757,40217.94420366337,16.93663366
1837,1,2,43010.11390864448,399.1792,,2078,1,241.2,3000.0,40201.01494,40271.803724527366,70.78878453
1838,4,3,32730.877176188857,399.1792,,2079,4,242.39999999999998,3000.0,40201.01502,40220.11502,19.1
1839,2,2,32723.20302995074,399.1792,,2080,0,203.0,2000.0,40201.02217,40230.20528740721,29.18311741
1840,5,3,45905.6724474914,399.1792,,2083,5,201.0,3000.0,40201.0337,40245.627457810944,44.59375781
1841,3,3,32740.694076372085,399.1792,,2085,2,203.0,3000.0,40261.02263,40307.81741285739,46.79478286
1842,4,3,32793.186747425745,399.189,,2087,0,202.0,2000.0,40321.00455,40341.22447465346,20.21992465
1843,5,3,32845.83427217822,399.1988,,2088,1,242.39999999999998,3000.0,40321.0083,40336.70962316832,15.70132317
1844,3,3,32900.38876821782,399.2087,,2089,4,241.2,3000.0,40321.02267,40332.7413840796,11.71871408
1845,4,3,32955.425399702974,399.2185,,2090,2,204.00000000000003,3000.0,40324.37794,54637.89017784314,14313.51224
1846,5,3,33016.42691623762,399.2283,,2091,5,201.0,3000.0,40324.3782,54525.403256965175,14201.02506
1847,3,3,47325.825795353914,399.2283,,2092,0,202.0,2000.0,40381.00619,40394.5566850495,13.55049505
1848,4,3,33034.604778677676,399.2283,,2093,1,242.39999999999998,3000.0,40440.99388,40455.570317652884,14.57643765
1849,0,2,47349.081040640915,399.2283,,2094,2,201.99999999999997,3000.0,40501.01159,40514.36723831684,13.35564832
1850,1,2,33044.81723083744,399.2283,,2095,3,203.0,2000.0,40501.18394,40666.5640196238,165.3800796
1851,5,3,33017.26239585784,399.2283,,2096,0,201.0,2000.0,40501.18407,56299.536944012296,15798.35287
1852,2,2,33065.57842486729,399.2283,,2097,1,244.8,3000.0,40501.18447,53201.93267668802,12700.74821
1853,3,3,33068.58897313433,399.2283,,2098,4,243.6,3000.0,40501.26242,40680.97781272725,179.7153927
1854,0,2,33214.579796623955,399.2283,,2099,5,201.0,3000.0,40501.26305,40696.00124557655,194.7381956
1855,4,3,33245.62769607843,399.2283,,2100,2,201.99999999999997,3000.0,40561.01343,40573.05897455446,12.04554455
1856,1,2,33229.418031918074,399.2283,,2101,3,202.0,2000.0,40621.00452,40633.6144209901,12.60990099
1857,5,3,33229.7955675927,399.2283,,2102,4,242.39999999999998,3000.0,40681.00648,40700.82255938378,19.81607938
1858,2,2,33235.19744368278,399.2283,,2103,5,201.99999999999997,3000.0,40740.99868,40755.39570970297,14.3970297
1859,3,3,33230.42301857309,399.2283,,2104,3,202.0,2000.0,40801.01091,40853.96593764782,52.95502765
1860,0,2,33223.08469858474,399.2283,,2105,4,241.2,3000.0,40801.01309,40816.04841338308,15.03532338
1861,1,2,33210.91312995729,399.2283,,2106,5,203.0,3000.0,40801.01324,40831.70851190525,30.69527191
1862,2,2,33227.86901231023,399.2283,,2107,3,204.0,2000.0,40801.01336,57886.1952138342,17085.18185
1863,0,2,33118.652949411764,399.2283,,2108,0,203.0,2000.0,40801.01348,40823.014957832514,22.00147783
1864,4,3,33244.632598039214,399.2283,,2109,4,241.2,3000.0,40801.01399,55272.95872132857,14471.94473
1865,5,3,33227.496547984854,399.2283,,2111,2,201.0,3000.0,40801.04355,40855.741325991716,54.69777599
1866,3,3,33230.91801176471,399.2283,,2112,5,201.99999999999997,3000.0,40860.99663,40879.146249569014,18.14961957
1867,4,3,33127.68728764706,399.2283,,2113,3,201.0,2000.0,40861.02593,40928.6734459204,67.64751592
1868,1,2,33122.099027843135,399.2283,,2114,4,242.39999999999998,3000.0,40921.03663,40933.074436019415,12.03780602
1869,5,3,33126.10395431372,399.2283,,2115,5,201.99999999999997,3000.0,40981.05221,40993.28587336634,12.23366337
1870,2,2,33012.37568509804,399.2283,,2116,3,202.0,2000.0,41041.0464,41059.393924752476,18.34752475
1872,4,3,33021.04812843137,399.2283,,2117,4,243.6,3000.0,41101.01288,41120.57041920256,19.5575392
1873,5,3,33018.26012940884,399.2283,,2118,0,201.0,2000.0,41101.01307,41148.66033368159,47.64726368
1875,4,3,46694.62806241118,399.2283,,2119,5,203.0,3000.0,41101.01327,41193.106675174364,92.09340517
1876,5,3,37895.17968900695,399.2283,,2120,2,201.0,3000.0,41101.01354,59883.12137722371,18782.10784
1878,4,3,49822.434020256536,399.2283,,2121,3,202.0,2000.0,41101.03997,41112.52115811881,11.48118812
1879,5,3,51025.36009059777,399.2283,,2122,4,242.39999999999998,3000.0,41161.0037,41173.70766039604,12.7039604
1880,0,2,52844.85590140275,399.2283,,2123,5,201.99999999999997,3000.0,41221.01516,41233.53100158416,12.51584158
1881,1,2,52984.246402178214,399.2283,,2124,3,202.0,2000.0,41281.00792,41299.73168237624,18.72376238
1882,2,2,47500.77780434713,399.2283,,2125,4,242.39999999999998,3000.0,41341.00941,41352.96089514851,11.95148515
1883,0,2,49134.915315795944,399.2283,,2126,5,201.99999999999997,3000.0,41401.01242,41413.90449920792,12.89207921
1885,4,3,45902.13015893419,399.2283,,2127,3,201.0,2000.0,41401.0246,41460.655742989016,59.63114299
1886,5,3,57366.760078562686,399.2283,,2128,0,201.0,2000.0,41401.02483,41470.025958971775,69.00112897
1888,4,3,33080.66164107732,399.2382,,2129,5,201.0,3000.0,41401.05091,41442.3174345313,41.26652453
1871,5,3,33070.31724193152,399.2382,,2133,2,203.0,3000.0,41401.15183,41423.613023648395,22.46119365
1874,3,3,33075.532928206034,399.2382,,2135,4,243.6,3000.0,41461.05111,41472.850617389166,11.79950739
1877,4,3,48002.02689258785,399.2382,,2136,5,201.99999999999997,3000.0,41461.05117,41484.845666894114,23.79449689
1884,5,3,47480.56162609249,399.2382,,2138,4,242.39999999999998,3000.0,41521.00396,41532.86138574257,11.85742574
1887,1,2,49158.608385102874,399.2382,,2139,5,201.99999999999997,3000.0,41521.01769,41547.24257386138,26.22488386
1889,3,3,33136.05362428072,399.248,,2140,0,203.0,2000.0,41521.05117,41576.653633054186,55.60246305
1890,2,2,33194.45234564356,399.248,,2141,3,202.0,2000.0,41581.00117,41593.23483336634,12.23366337
1891,0,2,33253.03453882353,399.2578,,2142,4,242.39999999999998,3000.0,41640.99829,41658.969577128715,17.97128713
1892,1,2,33318.50122599863,399.2775,,2143,5,201.99999999999997,3000.0,41701.00548,41720.475524737354,19.47004474
1893,4,3,33359.513325237844,399.2775,,2144,3,201.0,2000.0,41701.05587,41755.63970384183,54.58383384
1894,2,2,41045.590594427864,399.2775,,2146,0,204.0,2000.0,41701.05607,59517.297969509804,17816.2419
1895,0,2,42643.86996581195,399.2775,,2147,4,243.6,3000.0,41701.05623,41718.65869305419,17.60246305
1896,1,2,33314.22399827586,399.2775,,2148,5,201.99999999999997,3000.0,41761.00354,41773.89561920792,12.89207921
1897,5,3,33337.986231641786,399.2775,,2149,3,203.0,2000.0,41761.05605,41796.09758965127,35.04153965
1898,2,2,33373.88927920792,399.2775,,2150,4,242.39999999999998,3000.0,41821.01595,41832.967435148516,11.95148515
1899,0,2,33433.04879455446,399.2972,,2151,5,201.99999999999997,3000.0,41880.99667,41908.64754387419,27.65087387
1900,1,2,33509.70000940594,399.307,,2152,3,202.0,2000.0,41941.00498,41953.42676217821,12.42178218
1901,2,2,33554.84580326732,399.3168,,2153,4,241.2,3000.0,42001.017,42045.25159805667,44.23459806
1902,3,3,53508.95949271583,399.3267,,2154,5,201.99999999999997,3000.0,42001.01786,42027.35269356435,26.33483356
1903,4,3,33799.901176368156,399.3267,,2155,1,243.6,3000.0,42001.02477,42020.12477,19.1
1904,0,2,33808.14167881773,399.3267,,2156,3,203.0,2000.0,42001.02491,42039.01279208652,37.98788209
1905,5,3,51707.54966324261,399.3267,,2157,2,204.00000000000003,3000.0,42001.02533,59932.273338008024,17931.24801
1906,1,2,33706.59047615519,399.3267,,2160,4,242.39999999999998,3000.0,42061.00955,42072.678856930695,11.66930693
1907,3,3,33644.12158769223,399.3267,,2161,5,201.0,3000.0,42061.02536,42072.82313553766,11.79777554
1908,2,2,33653.117569751244,399.3267,,2162,3,201.0,2000.0,42061.03269,42118.38406646766,57.35137647
1909,4,3,33614.768353861386,399.3267,,2163,4,242.39999999999998,3000.0,42121.00476,42138.03545306931,17.03069307
1910,5,3,33672.769576336636,399.3365,,2164,5,201.99999999999997,3000.0,42181.01213,42192.399258712874,11.38712871
1911,0,2,37280.23652182833,399.3365,,2165,3,202.0,2000.0,42241.0045,42253.144103960396,12.13960396
1912,3,3,35532.41104078432,399.3365,,2166,4,242.39999999999998,3000.0,42301.01198,42319.63465960396,18.6226796
1913,1,2,33735.48852910891,399.3365,,2167,5,201.0,3000.0,42301.23862,42442.647460199005,141.4088402
1914,2,2,33799.361124752475,399.3562,,2168,3,203.0,2000.0,42301.2392,42460.34761443668,159.1084144
1915,0,2,33852.40079871287,399.366,,2169,1,243.6,3000.0,42301.23933,42470.55133836097,169.3120084
1916,1,2,33912.95563633663,399.3758,,2171,5,201.99999999999997,3000.0,42361.00366,42372.57890752475,11.57524752
1917,4,3,52757.91471659643,399.3758,,2172,4,242.39999999999998,3000.0,42421.00475,42433.6146509901,12.60990099
1918,5,3,35256.119482433656,399.3758,,2173,5,201.99999999999997,3000.0,42481.00736,42492.77072633664,11.76336634
1919,2,2,35302.79477140602,399.3758,,2174,3,202.0,2000.0,42541.00675,42559.260215346534,18.25346535
1920,3,3,35436.065956119404,399.3758,,2175,4,242.39999999999998,3000.0,42601.00646,42613.98610079208,12.97964079
1921,0,2,45156.811652288554,399.3758,,2176,5,203.0,3000.0,42601.02008,42614.19995851241,13.17987851
1922,1,2,33971.94034168317,399.3857,,2177,3,201.0,2000.0,42601.02012,60939.21705270233,18338.19693
1923,2,2,34037.863014257426,399.3955,,2178,2,201.0,3000.0,42601.02044,42623.1383240796,22.11788408
1924,0,2,34093.240343366335,399.4053,,2180,5,203.0,3000.0,42601.02068,42631.88855290641,30.86787291
1925,1,2,34153.717300396034,399.4152,,2182,1,241.2,3000.0,42601.02289,42661.98871462687,60.96582463
1926,2,2,34228.19836891089,399.425,,2185,5,204.00000000000003,3000.0,42614.77583,43421.36536001756,806.58953
1927,0,2,34243.406461928906,399.425,,2187,2,204.00000000000003,3000.0,42614.77654,43118.26744886819,503.4909089
1928,4,3,43419.801634527365,399.425,,2199,4,244.8,3000.0,42619.77273,43137.88798392157,518.1152539
1929,5,3,44878.38516221701,399.425,,2200,5,204.00000000000003,3000.0,42619.77316,43117.30465058824,497.5314906
1930,3,3,34221.80083906404,399.425,,2203,0,202.0,2000.0,42661.00364,42674.543405742574,13.53976574
1931,1,2,34253.868583968775,399.425,,2205,2,201.0,3000.0,42661.02228,42709.304599772426,48.28231977
1932,4,3,34235.137298920105,399.425,,2207,1,244.8,3000.0,42674.77465,43472.52337941176,797.7487294
1933,2,2,34294.96598493473,399.425,,2211,5,204.00000000000003,3000.0,42674.78401,43585.36158323383,910.5775732
1934,5,3,34286.18226792148,399.425,,2218,0,204.0,2000.0,42679.77465,42782.12812918419,102.3534792
1936,1,2,34272.30618320326,399.4348,,2222,2,204.00000000000003,3000.0,42734.77923,43541.99039627451,807.2111663
1935,3,3,34283.31756067998,399.4348,,2231,0,203.0,2000.0,42793.03859,43602.453081428575,809.4144914
1937,2,2,34338.70863891089,399.4447,,2282,3,202.0,2000.0,43021.00868,43033.14828396039,12.13960396
1938,0,2,34393.52410158416,399.4545,,2284,2,201.99999999999997,3000.0,43021.01117,43034.271688514855,13.26051851
1939,1,2,34457.00974960396,399.4643,,2290,3,204.0,2000.0,43034.77583,43858.758389019604,823.982559
1940,2,2,34512.767556336636,399.4742,,2295,2,204.00000000000003,3000.0,43039.77359,43545.50510215686,505.7315122
1941,0,2,46678.712735109744,399.4742,,2298,2,201.99999999999997,3000.0,43081.01112,43093.05666455446,12.04554455
1942,4,3,34539.13069,399.4742,,2308,4,242.39999999999998,3000.0,43141.00055,43152.57579752475,11.57524752
1943,1,2,34530.49392449584,399.4742,,2310,2,201.99999999999997,3000.0,43141.01208,43154.36820269656,13.3561227
1944,5,3,34541.3952220197,399.4742,,2311,5,201.99999999999997,3000.0,43141.01354,43152.848074752466,11.83453475
1945,3,3,48066.62390751322,399.4742,,2314,2,203.0,3000.0,43141.02442,43256.69379081716,115.6693708
1946,2,2,34573.05260455446,399.484,,2317,5,204.00000000000003,3000.0,43154.78378,43558.622368039214,403.838588
1947,0,2,34633.33134277228,399.4938,,2318,4,244.8,3000.0,43154.79647,43533.47530921568,378.6788392
1948,1,2,34708.00727009901,399.5037,,2321,2,201.99999999999997,3000.0,43201.01761,43217.295827821785,16.27821782
1949,2,2,34760.583577029705,399.5135,,2339,2,201.99999999999997,3000.0,43261.02021,43291.97169514852,30.95148515
1950,0,2,34813.23938336634,399.5233,,2342,2,203.0,3000.0,43261.02047,43318.01603012389,56.99556012
1951,1,2,34834.791107504265,399.5233,,2343,5,201.99999999999997,3000.0,43261.02054,43272.97202514851,11.95148515
1952,4,3,46025.11922879719,399.5233,,2354,2,201.99999999999997,3000.0,43321.00846,44123.98469762376,802.9762376
1953,2,2,34856.504131011934,399.5233,,2357,2,203.0,3000.0,43321.02067,43402.994407783255,81.97373778
1954,5,3,44703.05824822748,399.5233,,2360,5,201.0,3000.0,43321.02374,43435.495444887325,114.4717049
1956,1,2,34842.31295729015,399.5233,,2376,4,240.0,3000.0,43441.02028,43463.53064999999,22.51037
1957,3,3,34854.45114283582,399.5233,,2377,5,201.0,3000.0,43441.02094,49194.51817867238,5753.497239
1958,2,2,34873.69547768829,399.5233,,2379,1,244.8,3000.0,43441.0242,48701.87778359672,5260.853584
1955,0,2,34872.84894303483,399.5332,,2382,5,203.0,3000.0,43441.19065,43458.22138201391,17.03073201
1959,1,2,34932.575572543195,399.543,,2383,2,200.0,3000.0,43441.19985,43492.68837941176,51.48852941
1960,2,2,34999.16808594059,399.5528,,2385,4,241.2,3000.0,43501.02223,43585.14959323383,84.12736323
1961,0,2,35052.953875148516,399.5627,,2387,1,241.2,3000.0,43501.02471,43650.278702246644,149.2539922
1962,1,2,35112.66512693069,399.5627,,2388,5,201.0,3000.0,43561.02024,43627.47103597015,66.45079597
1963,2,2,47169.03626452151,399.5725,,2389,2,203.0,3000.0,43561.02451,43666.50530323187,105.4807932
1964,0,2,47276.28999586479,399.5725,,,,411639.4
1965,1,2,35115.03458505877,399.5725
1966,2,2,35145.73409244793,399.5725
1967,4,3,35137.341157310504,399.5725
1969,1,2,35236.1494049505,399.5823
1968,2,2,35249.307820792084,399.5922
1970,1,2,35356.32496277227,399.602
1971,2,2,35353.41902217821,399.602
1973,1,2,45601.712735109744,399.6217
1974,2,2,35430.214842167494,399.6217
1976,1,2,45447.77243660228,399.6217
1977,2,2,35423.007981182265,399.6217
1978,5,3,35463.879872189056,399.6217
1980,1,2,36100.80671901478,399.6217
1972,2,2,35476.71895138614,399.6315
1975,3,3,35500.90227452736,399.6315
1979,1,2,35519.325916560265,399.6315
1982,4,3,35535.30212989323,399.6413
1981,2,2,35538.799998316834,399.6413
1983,5,3,35597.34159782178,399.6512
1984,3,3,35661.70663990099,399.661
1985,4,3,35720.75762584159,399.661
1986,5,3,35752.79742683661,399.6708
1988,1,2,35717.14835610837,399.6708
1989,3,3,48564.05432672917,399.6708
1990,4,3,47445.0547545098,399.6708
1991,5,3,35774.0834780198,399.6807
1987,3,3,35784.39874895576,399.6807
1992,4,3,35840.39077821782,399.6905
1993,5,3,35895.88163673267,399.7003
1994,3,3,35954.5593750495,399.7102
1995,4,3,36871.51979927669,399.72
1996,5,3,36090.99482651741,399.72
1997,2,2,36061.02371123153,399.72
1998,3,3,45076.491269236176,399.72
2000,1,2,36026.24046,399.72
2001,4,3,36018.81074691542,399.72
2002,2,2,47379.82730929763,399.72
2003,5,3,36103.94507527363,399.72
2005,1,2,36069.93627566503,399.72
2006,3,3,115701.02591594058,399.72
2007,2,2,124709.8902162376,399.72
2008,4,3,82172.80462425743,399.72
2009,5,3,85893.23036683169,399.72
2010,3,3,117810.24927138614,399.72
2011,4,3,108833.93996752476,399.72
2012,0,2,88649.0061731062,399.72
2013,1,2,88208.52102459135,399.72
2014,2,2,123640.46942415841,399.72
2016,1,2,124412.47437465345,399.72
2017,5,3,89976.81947574258,399.72
2018,2,2,122603.80110732673,399.72
2019,3,3,101271.94100990098,399.72
2021,1,2,120836.1872459406,399.72
2022,2,2,123102.28130534652,399.72
2024,1,2,80026.5173640594,399.72
2025,4,3,91213.69076287128,399.72
2026,5,3,106430.06477227723,399.72
2027,3,3,87801.78482227724,399.72
2028,4,3,72121.4849469505,399.72
2029,2,2,104441.83971,399.72
2030,5,3,86230.76502029704,399.72
2032,1,2,88183.48142063095,399.72
2033,2,2,86201.21904439332,399.72
2036,2,2,92100.00333842575,399.72
2038,4,3,36082.389895643566,399.7412
1999,5,3,36104.92537084013,399.7412
2015,1,2,96967.39937802972,399.7412
2020,2,2,109485.07238326731,399.7412
2031,1,2,76936.03170924753,399.7412
2034,2,2,86251.14973746263,399.7412
2037,1,2,73306.87320009901,399.7412
2004,4,3,36151.91794,399.7623
2023,5,3,104873.44100990098,399.7623
2039,4,3,36197.18785841584,399.7835
2040,5,3,36198.68290792079,399.7835
2041,4,3,36252.58885752475,399.8047
2035,5,3,61792.87546854392,399.8047
2043,4,3,50581.88015915423,399.8258
2044,5,3,51727.06927108575,399.8258
2045,2,2,36382.381794975125,399.8258
2047,4,3,36317.18811610837,399.8258
2048,5,3,36377.100869009904,399.847
2049,2,2,36437.94110366337,399.8682
2046,4,3,36453.28651827586,399.8682
2051,2,2,36560.483507623765,399.9105
2042,5,3,36552.59103752475,399.9105
2050,2,2,36614.83943222114,399.9317
2054,4,3,36623.118963891626,399.9317
2055,0,2,47573.49662457712,399.9317
2057,2,2,36612.73052133005,399.9317
2058,5,3,36644.31299374237,399.9317
2052,2,2,36673.43585217821,399.9528
2056,4,3,47135.462172292755,399.9528
2060,2,2,36738.88474772277,399.974
2061,2,2,36793.13917396039,399.974
2059,2,2,36835.348129184276,399.9952
2053,2,2,36872.12872512438,400.0163
2065,2,2,48947.4004643108,400.0375
2066,0,2,48483.69270300849,400.0375
2063,2,2,36912.495438118814,400.0375
2068,5,3,36920.11426,400.0375
2064,2,2,36972.86350574257,400.0587
2067,4,3,36990.60648731343,400.0587
2070,2,2,37032.76625633664,400.0798
2062,5,3,37033.71087039603,400.0798
2072,2,2,37094.18095742574,400.101
2069,2,2,37152.72034133005,400.1222
2074,2,2,37213.425380490684,400.1433
2075,4,3,37271.912802139304,400.1433
2078,2,2,37224.405676057184,400.1433
2079,5,3,47198.188540451956,400.1433
2073,2,2,37278.22747188119,400.1645
2080,2,2,37305.435526803456,400.1645
2081,5,3,37315.001727014926,400.1645
2083,2,2,37333.71852039604,400.1857
2077,4,3,48365.11402822171,400.1857
2084,2,2,37392.30459930693,400.2068
2076,5,3,37395.72230522167,400.2068
2085,2,2,37458.61329950495,400.228
2082,4,3,37532.324036529724,400.2492
2088,2,2,37523.306536009855,400.2492
2089,5,3,55571.19752729872,400.2492
2092,4,3,37574.17543742574,400.2703
2086,2,2,37572.49613811881,400.2703
2087,5,3,37596.44409414216,400.2703
2093,4,3,37633.41888695138,400.2915
2090,2,2,37634.22805827586,400.2915
2091,5,3,54916.68677225043,400.2915
2094,4,3,37692.77089633664,400.3127
2071,5,3,37754.26207683168,400.3127
2095,4,3,37818.50440009901,400.355
2098,2,2,38481.151356216935,400.355
2099,5,3,37871.19870768473,400.355
2101,1,2,47290.75268243196,400.355
2102,2,2,37833.441660394084,400.355
2104,4,3,47969.67045694428,400.355
2106,2,2,37874.268712871286,400.3762
2097,5,3,38506.83739880254,400.3762
2105,2,2,37874.370446237626,400.3762
2100,2,2,37935.890349880014,400.3973
2107,2,2,37998.60454950495,400.4185
2103,4,3,38025.170951980195,400.4185
2108,2,2,38052.67381693069,400.4397
2110,2,2,38121.89193871287,400.4608
2111,5,3,38315.78190402985,400.4608
2114,2,2,51005.683444179114,400.4608
2096,2,2,38173.516221584156,400.482
2112,4,3,38343.06269220719,400.482
2109,2,2,38239.06516653465,400.482
2117,1,2,38239.06516653465,400.5032
2113,2,2,38413.14769730718,400.5032
2115,5,3,50996.914546043314,400.5032
2118,1,2,38293.23820336634,400.5243
2116,2,2,38353.23506336634,400.5455
2119,1,2,38426.67740027748,400.5667
2121,4,3,49961.27816910448,400.5667
2122,5,3,38417.49909034483,400.5667
2123,2,2,38448.263614886455,400.5667
2125,4,3,38457.638393827416,400.5667
2120,2,2,38473.23846336634,400.5878
2126,1,2,48744.52484242025,400.5878
2128,5,3,38475.05142207921,400.5878
2127,2,2,38505.90259999803,400.5878
2129,2,2,38593.985358613856,400.609
2124,4,3,38616.21857216749,400.6302
2130,0,2,38658.97747712871,400.6513
2132,2,2,38726.5892080198,400.6725
2131,0,2,38714.27732683168,400.6725
2133,5,3,56253.14499562189,400.6725
2135,4,3,52303.11679444249,400.6725
2136,5,3,38785.63183137931,400.6725
2138,2,2,38772.95863514851,400.6937
2134,0,2,38941.64266523295,400.6937
2137,2,2,38993.239680158316,400.7148
2140,4,3,38899.6260929703,400.7148
2141,5,3,38953.33610277228,400.7572
2142,2,2,39013.33843277228,400.7783
2143,0,2,39112.07945924203,400.7783
2144,3,3,48234.57978986616,400.7783
2145,4,3,39119.6970873199,400.7783
2147,2,2,39141.58769903904,400.7783
2139,5,3,39019.17984594059,400.7783
2150,2,2,39926.12477538604,400.7783
2152,4,3,39567.09545714424,400.7783
2155,2,2,39561.67532571525,400.7783
2156,5,3,39553.49251596777,400.7783
2159,2,2,39546.984149244665,400.7783
2162,2,2,39395.77219588235,400.7783
2164,4,3,39564.531731654046,400.7783
2165,5,3,39525.22350627451,400.7783
2168,5,3,39194.84105885071,400.7783
2171,2,2,39229.13814098332,400.7783
2148,2,2,39116.323240336555,400.7995
2153,5,3,39406.15956371578,400.7995
2158,5,3,39450.64858159328,400.7995
2163,2,2,39486.48788215686,400.7995
2169,5,3,39290.808217058824,400.7995
2173,0,2,39133.42596217822,400.8207
2146,4,3,50887.11399,400.8207
2149,2,2,39187.736180199005,400.8207
2151,0,2,39613.689298823534,400.8207
2154,5,3,39422.541916656955,400.8207
2160,2,2,39580.49885512702,400.8207
2161,0,2,39576.29297277408,400.8207
2167,2,2,39292.802180196086,400.8207
2172,5,3,39193.35086277228,400.8418
2170,2,2,39360.56173901961,400.8418
2157,2,2,39516.372654686566,400.863
2174,5,3,39314.7477990099,400.8842
2178,2,2,50748.94362627451,400.8842
2181,5,3,50914.88513427861,400.8842
2182,5,3,39373.15769396039,400.9053
2179,2,2,39513.34995112238,400.9053
2183,5,3,39438.77954041933,400.9265
2177,2,2,39544.54995319424,400.9265
2175,5,3,39492.19816405941,400.9477
2180,5,3,39643.936253164145,400.9477
2184,5,3,39552.39937871287,400.9688
2185,2,2,39643.183576633666,400.99
2187,4,3,39698.75455041557,400.99
2189,1,2,49659.72794,400.99
2190,2,2,39615.74380756219,400.99
2191,5,3,39641.91376073891,400.99
2176,2,2,39632.13407168317,400.99
2196,2,2,39626.712568656716,400.99
2198,4,3,61935.90517151422,400.99
2199,5,3,44808.62045633466,400.99
2202,5,3,57499.928911899064,400.99
2204,1,2,95276.35977406932,400.99
2205,2,2,101126.48409282179,400.99
2208,2,2,119728.70209742575,400.99
2211,5,3,92871.00759455445,400.99
2213,0,2,39670.51466435061,400.99
2215,5,3,39646.72053458882,400.99
2217,2,2,39645.320831535624,400.99
2166,0,2,39856.178140784315,400.99
2188,2,2,50798.734671050624,401.1763
2218,2,2,39680.77209009318,401.1763
2197,5,3,122535.50669712872,401.1763
2203,2,2,117547.76448207922,401.1763
2209,2,2,51989.36577075242,401.1763
2214,5,3,39705.97504059116,401.1763
2186,3,3,40504.32255386139,401.3627
2219,4,3,39738.79915831683,401.3627
2193,2,2,39744.437471089106,401.3627
2194,5,3,39795.95686850746,401.3627
2201,2,2,39864.65338830907,401.3627
2210,2,2,102007.61198722773,401.3627
2192,5,3,39833.614836492656,401.549
2200,2,2,86803.11013350224,401.549
2212,2,2,121426.73180039604,401.549
2221,4,3,39852.0156080198,401.7353
2220,5,3,39853.52046059406,401.7353
2207,5,3,117343.25363871286,401.7353
2222,4,3,39919.24501,401.9217
2223,5,3,39942.30896375745,401.9217
2224,0,2,39925.93004566503,401.9217
2226,4,3,51488.40750637986,401.9217
2227,5,3,51523.53005539947,401.9217
2216,5,3,39945.97563042412,401.9217
2228,3,3,39984.650952376236,402.108
2225,4,3,40009.22563076038,402.108
2206,2,2,117996.38526574257,402.108
2229,5,3,40033.061204554455,402.2943
2195,0,2,40068.03941602917,402.2943
2231,2,2,40153.529871584156,402.667
2230,0,2,40217.94420366337,402.8533
2232,1,2,40271.803724527366,402.8533
2233,4,3,40220.11502,402.8533
2234,2,2,65892.58702778102,402.8533
2235,0,2,40230.20528740721,402.8533
2236,5,3,66274.44435751194,402.8533
2239,5,3,40245.627457810944,402.8533
2237,2,2,40307.81741285739,403.0397
2241,0,2,40341.22447465346,403.226
2240,1,2,40336.70962316832,403.226
2238,4,3,40332.7413840796,403.226
2242,2,2,54637.89017784314,403.226
2243,5,3,54525.403256965175,403.226
2244,0,2,40394.5566850495,403.4123
2245,1,2,40455.570317652884,403.4123
2246,2,2,40514.36723831684,403.785
2247,3,3,40666.5640196238,403.785
2248,0,2,51468.42517669301,403.785
2249,1,2,52527.84600041265,403.785
2250,4,3,40680.97781272725,403.785
2251,5,3,40696.00124557655,403.785
2252,2,2,40573.05897455446,403.9713
2253,3,3,40633.6144209901,404.1577
2254,4,3,40700.82255938378,404.344
2255,5,3,40755.39570970297,404.344
2256,3,3,40853.96593764782,404.7167
2257,4,3,40816.04841338308,404.7167
2258,5,3,40831.70851190525,404.7167
2259,3,3,57032.482850839915,404.7167
2260,0,2,40823.014957832514,404.7167
2261,4,3,55272.95872132857,404.7167
2263,2,2,40855.741325991716,404.7167
2264,5,3,40879.146249569014,404.7167
2262,3,3,40928.6734459204,404.903
2265,4,3,40933.074436019415,405.0893
2266,5,3,40993.28587336634,405.2757
2267,3,3,41059.393924752476,405.462
2268,4,3,41120.57041920256,405.6483
2269,0,2,41148.66033368159,405.6483
2270,5,3,41193.106675174364,405.6483
2271,1,2,53201.93267668802,405.6483
2272,2,2,53432.92770156364,405.6483
2273,3,3,41112.52115811881,405.6483
2274,4,3,41173.70766039604,405.8347
2275,5,3,41233.53100158416,406.021
2276,3,3,41299.73168237624,406.2073
2277,4,3,41352.96089514851,406.3937
2278,5,3,41413.90449920792,406.58
2279,3,3,41460.655742989016,406.58
2280,0,2,41470.025958971775,406.58
2281,4,3,52284.87169640327,406.58
2282,5,3,41442.3174345313,406.58
2284,2,2,52165.591260948495,406.58
2287,2,2,41423.613023648395,406.58
2283,4,3,41472.850617389166,406.7663
2285,5,3,41484.845666894114,406.7663
2289,4,3,41532.86138574257,406.9527
2288,5,3,41547.24257386138,406.9527
2286,0,2,41576.653633054186,406.9527
2290,3,3,41593.23483336634,407.139
2291,4,3,41658.969577128715,407.139
2292,5,3,41720.475524737354,407.5117
2293,3,3,41755.63970384183,407.5117
2295,2,2,59883.12137722371,407.5117
2296,0,2,59517.297969509804,407.5117
2297,4,3,41718.65869305419,407.5117
2298,5,3,41773.89561920792,407.698
2294,3,3,41796.09758965127,407.698
2299,4,3,41832.967435148516,407.8843
2300,5,3,41908.64754387419,407.8843
2301,3,3,41953.42676217821,408.257
2302,4,3,42045.25159805667,408.4433
2303,5,3,42027.35269356435,408.4433
2304,1,2,42020.12477,408.4433
2305,3,3,42039.01279208652,408.4433
2306,2,2,51459.32069908107,408.4433
2308,5,3,52253.77716904009,408.4433
2310,4,3,42072.678856930695,408.6297
2307,5,3,42072.82313553766,408.6297
2309,3,3,42118.38406646766,408.6297
2311,4,3,42138.03545306931,408.816
2312,5,3,42192.399258712874,409.0023
2313,3,3,42253.144103960396,409.1887
2314,4,3,42319.63465960396,409.375
2315,5,3,42442.647460199005,409.375
2316,3,3,42460.34761443668,409.375
2317,0,2,56299.536944012296,409.375
2318,1,2,42470.55133836097,409.375
2320,5,3,42372.57890752475,409.5613
2319,3,3,57886.1952138342,409.5613
2321,4,3,42433.6146509901,409.7477
2322,5,3,42492.77072633664,409.934
2323,3,3,42559.260215346534,410.1203
2324,4,3,42613.98610079208,410.3067
2325,5,3,42614.19995851241,410.3067
2326,3,3,60939.21705270233,410.3067
2327,2,2,42623.1383240796,410.3067
2329,5,3,42631.88855290641,410.3067
2331,1,2,42661.98871462687,410.3067
2334,5,3,43421.36536001756,410.3067
2336,2,2,43118.26744886819,410.3067
2338,5,3,43420.27222276266,410.3067
2349,4,3,42779.78939666667,410.3067
2350,5,3,42754.08351431372,410.3067
2353,2,2,42829.25558016458,410.3067
2354,0,2,42674.543405742574,410.493
2330,2,2,42709.304599772426,410.493
2333,1,2,43472.52337941176,410.493
2337,4,3,43137.88798392157,410.493
2339,5,3,43117.30465058824,410.493
2342,5,3,43423.64967374305,410.493
2345,1,2,43443.96455588235,410.493
2352,0,2,42782.12812918419,410.493
2328,2,2,59932.273338008024,410.6793
2340,2,2,43244.75290411765,410.6793
2344,5,3,43585.36158323383,410.6793
2332,0,2,43602.453081428575,410.8657
2362,3,3,53543.23809968101,411.2383
2364,3,3,43033.14828396039,411.611
2355,2,2,43034.271688514855,411.611
2335,3,3,43739.469695402084,411.611
2346,2,2,43541.99039627451,411.611
2351,2,2,43190.838790931855,411.611
2365,2,2,43093.05666455446,411.7973
2347,2,2,43545.50510215686,411.7973
2358,4,3,43152.57579752475,411.9837
2356,2,2,43154.36820269656,411.9837
2367,5,3,43152.848074752466,411.9837
2360,2,2,43256.69379081716,411.9837
2341,5,3,43558.622368039214,411.9837
2343,3,3,43858.758389019604,411.9837
2348,4,3,43533.47530921568,411.9837
2366,2,2,43217.295827821785,412.17
2369,2,2,43291.97169514852,412.4155
2372,2,2,43318.01603012389,412.4155
2373,5,3,43272.97202514851,412.4155
2374,0,2,54624.06437039215,412.4155
2368,2,2,44123.98469762376,412.661
2375,2,2,43402.994407783255,412.661
2378,5,3,43435.495444887325,412.661
2357,2,2,43407.45975431791,412.9065
2371,4,3,43463.53064999999,413.152
2376,5,3,49194.51817867238,413.152
2359,1,2,48701.87778359672,413.152
2379,5,3,43458.22138201391,413.152
2380,2,2,43492.68837941176,413.152
2377,4,3,43585.14959323383,413.3975
2363,1,2,43650.278702246644,413.3975
2370,5,3,43627.47103597015,413.643
2361,2,2,43666.50530323187,413.643
,,,124709.8902
